underlying,upx,type,expiration,data_date,strike
SPY,273.7300109863281,put,2018-11-16,2018-11-16,270
SPY,273.7300109863281,put,2018-11-16,2018-11-16,270.5
SPY,273.7300109863281,put,2018-11-16,2018-11-16,271
SPY,273.7300109863281,put,2018-11-16,2018-11-16,271.5
SPY,273.7300109863281,put,2018-11-16,2018-11-16,272
SPY,273.7300109863281,put,2018-11-16,2018-11-16,272.5
SPY,273.7300109863281,put,2018-11-16,2018-11-16,273
SPY,273.7300109863281,put,2018-11-16,2018-11-16,273.5
SPY,273.7300109863281,put,2018-11-16,2018-11-16,274
SPY,273.7300109863281,put,2018-11-16,2018-11-16,274.5
SPY,273.7300109863281,put,2018-11-16,2018-11-16,275
SPY,273.7300109863281,put,2018-11-16,2018-11-16,275.5
SPY,273.7300109863281,put,2018-11-16,2018-11-16,276
SPY,273.7300109863281,put,2018-11-16,2018-11-16,276.5
SPY,273.7300109863281,put,2018-11-16,2018-11-16,277
SPY,273.7300109863281,put,2018-11-16,2018-11-16,277.5
SPY,273.7300109863281,call,2018-11-16,2018-11-16,278
SPY,273.7300109863281,call,2018-11-16,2018-11-16,278.5
SPY,273.7300109863281,call,2018-11-16,2018-11-16,279
SPY,273.7300109863281,call,2018-11-16,2018-11-16,279.5
SPY,273.7300109863281,call,2018-11-16,2018-11-16,280
