date,spy_ret,vix_chng
2014-01-02,,
2014-01-03,-0.00016405745563563556,-0.004700000000000006
2014-01-06,-0.0029021029037492596,-0.0020999999999999908
2014-01-07,0.006122954127953939,-0.006300000000000008
2014-01-08,0.00021796980612354133,-0.0005000000000000071
2014-01-09,0.0006537267139616887,0.0002000000000000135
2014-01-10,0.0027189597904762053,-0.0075
2014-01-13,-0.013394467035039881,0.011399999999999988
2014-01-14,0.010838984889573133,-0.01
2014-01-15,0.00537547703835628,0.0
2014-01-16,-0.0013004605056403662,0.0025
2014-01-17,-0.0042384941777253715,-0.0008999999999999986
2014-01-21,0.0029361544252752836,0.004299999999999997
2014-01-22,0.000651378891735277,-0.00029999999999999363
2014-01-23,-0.008226978669980234,0.009299999999999998
2014-01-24,-0.02156701381512871,0.04369999
2014-01-27,-0.004931192852637878,-0.007199989999999978
2014-01-28,0.005937124203243549,-0.01620000000000001
2014-01-29,-0.009651665479251115,0.015500000000000007
2014-01-30,0.010544912262315798,-0.0005999900000000125
2014-01-31,-0.005875829006047439,0.01119999
2014-02-03,-0.022762418506603765,0.030300010000000023
2014-02-04,0.006980243398543529,-0.02330000000000002
2014-02-05,-0.0012550676112210724,0.008399999999999998
2014-02-06,0.013101013763780145,-0.02720001
2014-02-07,0.012319559738601882,-0.019400000000000014
2014-02-10,0.001834772744180313,-0.00029999999999999363
2014-02-11,0.010884408732086293,-0.0075
2014-02-12,0.0004944547131957577,-0.0020999999999999908
2014-02-13,0.005149386183054716,-0.0016000000000000014
2014-02-14,0.005503861586901415,-0.005700000000000003
2014-02-18,0.0011947442610447112,0.0029999999999999892
2014-02-19,-0.006643739722454356,0.01630000000000001
2014-02-20,0.005883524763970804,-0.007100000000000008
2014-02-21,-0.0011413230868333457,-0.0010999999999999942
2014-02-24,0.005531631004799031,-0.004499999999999993
2014-02-25,-0.00037875349380200873,-0.005600000000000005
2014-02-26,5.4054132368364094e-05,0.006799999999999997
2014-02-27,0.005233815034777045,-0.003100000000000005
2014-02-28,0.0025260470426493598,-0.00039999999999999145
2014-03-03,-0.007056737665175561,0.02
2014-03-04,0.013957688553884573,-0.019000000000000003
2014-03-05,0.000905776756852994,-0.0020999999999999908
2014-03-06,0.002287668544946442,0.0032000000000000028
2014-03-07,0.00042519526594819723,-0.0010000000000000141
2014-03-10,-0.0005315634148015391,0.0008999999999999986
2014-03-11,-0.004954725199227461,0.006000000000000014
2014-03-12,0.00026704578426528514,-0.003300000000000001
2014-03-13,-0.011276529105807676,0.017499989999999972
2014-03-14,-0.002811969476082865,0.016000010000000023
2014-03-17,0.009002927097477631,-0.021799999999999996
2014-03-18,0.0071123639296146735,-0.01120000000000001
2014-03-19,-0.005343020832578205,0.005999999999999997
2014-03-20,0.005822607406245517,-0.005999999999999997
2014-03-21,-0.003887999670256548,0.004800000000000004
2014-03-24,-0.00414413356293597,0.0008999999999999986
2014-03-25,0.004734575325299417,-0.010700000000000003
2014-03-26,-0.0072182041820818554,0.009100000000000002
2014-03-27,-0.0021106008635483064,-0.003100000000000005
2014-03-28,0.004918033145052014,-0.0020999999999999908
2014-03-31,0.008161134090121536,-0.005299999999999994
2014-04-01,0.006608450339906646,-0.007800000000000012
2014-04-02,0.003341164802750818,-9.999999999999786e-05
2014-04-03,-0.0013244031844417137,0.0027999999999999935
2014-04-04,-0.011892658819955493,0.005900000000000016
2014-04-07,-0.011112847278190507,0.016099999999999993
2014-04-08,0.004114304304766669,-0.006799999999999997
2014-04-09,0.010693481807818372,-0.010700000000000003
2014-04-10,-0.02122960458083245,0.020700000000000003
2014-04-11,-0.009049362237562697,0.011400010000000016
2014-04-14,0.00784734618935179,-0.009200000000000017
2014-04-15,0.006864088137948698,-0.0050000100000000105
2014-04-16,0.010423230174807507,-0.014299999999999997
2014-04-17,0.001395817348186057,-0.008200000000000002
2014-04-21,0.003481090272767773,-0.0010999999999999942
2014-04-22,0.004534300034037209,-0.0006000000000000049
2014-04-23,-0.0023445818057039602,0.0008000000000000007
2014-04-24,0.0020253598733104283,0.0005000000000000071
2014-04-25,-0.008232867371265051,0.007400000000000002
2014-04-28,0.0031622054615016992,-0.0008999999999999986
2014-04-29,0.004644497402698455,-0.0025999999999999977
2014-04-30,0.0029782121010235585,-0.003000000000000007
2014-05-01,0.00010626609875963311,-0.0016000000000000014
2014-05-02,-0.0014346808681615641,-0.0033999999999999985
2014-05-05,0.0019124177247666907,0.00379999999999999
2014-05-06,-0.008741821365797264,0.005100000000000016
2014-05-07,0.005871777640787279,-0.0040000000000000036
2014-05-08,-0.0010649851437554148,0.00029999999999999363
2014-05-09,0.0014906852246916458,-0.005099999999999998
2014-05-12,0.009689066649218425,-0.006899999999999995
2014-05-13,0.0008954533870690895,-0.0009999999999999966
2014-05-14,-0.004749141568209048,0.00039999999999999145
2014-05-15,-0.008819062370334585,0.01
2014-05-16,0.0034625363556415323,-0.007300000000000004
2014-05-19,0.0036624023077242995,-0.00019999999999999573
2014-05-20,-0.006324854979096628,0.005400000000000009
2014-05-21,0.008388984536809474,-0.010500000000000008
2014-05-22,0.0024294206193058443,0.001199999999999992
2014-05-23,0.004000780294509454,-0.006699999999999999
2014-05-27,0.006127529238236562,0.0015000000000000035
2014-05-28,-0.000731161552707249,0.0016999999999999993
2014-05-29,0.005159629905701735,-0.0010999999999999942
2014-05-30,0.0016099503448590013,-0.0016999999999999993
2014-06-02,0.001141374126943262,0.0017999999999999971
2014-06-03,-0.0005186672199988251,0.0028999999999999916
2014-06-04,0.002020877506969221,0.0021000000000000085
2014-06-05,0.006500907745195406,-0.0040000000000000036
2014-06-06,0.004771234180679151,-0.009499999999999993
2014-06-09,0.001023383679170209,0.004199999999999999
2014-06-10,0.0001019677414335618,-0.0016000000000000014
2014-06-11,-0.003482607897646872,0.006099999999999994
2014-06-12,-0.00710477132631393,0.009600000000000008
2014-06-13,0.0030437533396545646,-0.003800000000000008
2014-06-16,0.0008236442247611109,0.004700000000000006
2014-06-17,0.002775571661326026,-0.005899999999999999
2014-06-18,0.007312885659032986,-0.014500000000000011
2014-06-19,0.001120308457218222,9.999999999999786e-05
2014-06-20,0.0020267754497558244,0.0023000000000000043
2014-06-23,-0.00030634342473057075,0.0013000000000000077
2014-06-24,-0.0060423424171096585,0.011500000000000003
2014-06-25,0.004509887299070314,-0.005400000000000009
2014-06-26,-0.0007163252654986962,0.00040000000000000923
2014-06-27,0.0019425945064099892,-0.00370000000000001
2014-06-30,-0.00051088157179624,0.003100000000000005
2014-07-01,0.0066706992120435515,-0.004199999999999999
2014-07-02,0.0010146366028491727,-0.003300000000000001
2014-07-03,0.004906183880530435,-0.005
2014-07-07,-0.003487372317229287,0.010099999999999998
2014-07-08,-0.006451010893279374,0.006500000000000003
2014-07-09,0.004474408699482346,-0.003300000000000001
2014-07-10,-0.003964964010530814,0.009399999999999995
2014-07-11,0.001374634179038381,-0.005099999999999998
2014-07-14,0.005022496249145192,-0.0025999999999999977
2014-07-15,-0.001874375787156879,0.0014000000000000056
2014-07-16,0.00369447722546834,-0.009600000000000008
2014-07-17,-0.011430907170008275,0.035399999999999994
2014-07-18,0.010167158741511528,-0.024799999999999985
2014-07-21,-0.0018731659613795415,0.0075
2014-07-22,0.004348621044938383,-0.005700000000000003
2014-07-23,0.002217494482564142,-0.007200000000000007
2014-07-24,5.017527060235949e-05,0.0032000000000000028
2014-07-25,-0.004692298537633199,0.008499999999999997
2014-07-28,0.0004044432067376036,-0.00129999999999999
2014-07-29,-0.004306486890882866,0.0071999999999999885
2014-07-30,0.00015230960886736256,0.0005000000000000071
2014-07-31,-0.019945951993946665,0.036200010000000005
2014-08-01,-0.003060043165131532,0.0008000000000000185
2014-08-04,0.007194849018516969,-0.01910001000000003
2014-08-05,-0.009743787671524728,0.017500010000000028
2014-08-06,0.00031243714789574994,-0.005
2014-08-07,-0.005429356278582986,0.002899989999999981
2014-08-08,0.011502436217313061,-0.008900000000000005
2014-08-11,0.0028939873605908772,-0.015399999999999992
2014-08-12,-0.0013944044801830202,-0.0009999999999999966
2014-08-13,0.006746190610788183,-0.012300000000000004
2014-08-14,0.004710579726453723,-0.004800000000000004
2014-08-15,-0.00020409332786819334,0.007300000000000004
2014-08-18,0.008344412170812276,-0.0083
2014-08-19,0.00520526525153997,-0.0010999999999999942
2014-08-20,0.002668001665540487,-0.004300000000000015
2014-08-21,0.002911392989783934,-0.00019999999999999573
2014-08-22,-0.0015550813923912443,-0.0028999999999999916
2014-08-25,0.00505767844450844,0.0022999999999999865
2014-08-26,0.0006492965443118948,-0.000699999999999985
2014-08-27,-0.0003993289268926503,0.0014999999999999857
2014-08-28,-0.0005497095054973755,0.0027000000000000136
2014-08-29,0.0028440959300057855,0.00039999999999999145
2014-09-02,-0.0004986007022038663,0.0016000000000000014
2014-09-03,-0.000548390097976359,0.0010999999999999942
2014-09-04,-0.0014474149941872128,0.0028000000000000112
2014-09-05,0.004485162085590133,-0.0055000000000000075
2014-09-08,-0.002588805895297419,0.005700000000000003
2014-09-09,-0.00635147200721331,0.008399999999999998
2014-09-10,0.003755777274203176,-0.006199999999999992
2014-09-11,0.001149011800444022,-0.0008000000000000007
2014-09-12,-0.005858644319587825,0.005099999999999998
2014-09-15,-0.0007535522594048771,0.008099999999999987
2014-09-16,0.007510183823289829,-0.013899999999999989
2014-09-17,0.0013460974554337923,-0.0008000000000000007
2014-09-18,0.005315727664297221,-0.00620000000000001
2014-09-19,-0.0009007199949717659,0.0008000000000000007
2014-09-22,-0.007752699026183585,0.0158
2014-09-23,-0.005740867104361946,0.012400000000000001
2014-09-24,0.007797329842339273,-0.0166
2014-09-25,-0.01626712809383779,0.02370000000000001
2014-09-26,0.007914188941125389,-0.00790000000000001
2014-09-29,-0.0018209220563782935,0.011300000000000008
2014-09-30,-0.002635515349041384,0.0032999899999999727
2014-10-01,-0.01364473747246464,0.004000000000000021
2014-10-02,0.00015440195792937317,-0.005499989999999997
2014-10-03,0.010948985288220747,-0.016099999999999993
2014-10-06,-0.001171093083355501,0.009100000000000002
2014-10-07,-0.015556614099009991,0.017400009999999994
2014-10-08,0.017338256393858664,-0.02090001000000001
2014-10-09,-0.020032392336171156,0.03650000000000002
2014-10-10,-0.011480035456239435,0.024799999999999968
2014-10-13,-0.01656347034448924,0.03399999000000001
2014-10-14,0.0015460032253411526,-0.018499979999999992
2014-10-15,-0.006789075839737535,0.024799989999999994
2014-10-16,-0.0008582525316320755,-0.0006999899999999926
2014-10-17,0.011741394305064823,-0.03210001000000002
2014-10-20,0.009662886512080249,-0.03419999999999998
2014-10-21,0.019617146244767625,-0.02490000000000002
2014-10-22,-0.007136299887787523,0.017900010000000036
2014-10-23,0.011557957993593604,-0.013399999999999999
2014-10-24,0.0076656179606953145,-0.004200000000000017
2014-10-27,-0.0013755001399990974,-0.0007000000000000028
2014-10-28,0.011405076367165812,-0.016500009999999996
2014-10-29,-0.0015133127470985386,0.007599999999999998
2014-10-30,0.006389999242807143,-0.006300000000000008
2014-10-31,0.011370823358889837,-0.0049000000000000024
2014-11-03,0.0005452526250033785,0.0070000000000000106
2014-11-04,-0.0034752122872445668,0.0016000000000000014
2014-11-05,0.006296310962113694,-0.007200000000000007
2014-11-06,0.00399498540213461,-0.005
2014-11-07,0.000934886726505546,-0.0055000000000000075
2014-11-10,0.003142444525757959,-0.004499999999999993
2014-11-11,0.0009799988846967977,0.0025
2014-11-12,-0.0010780809814976422,0.0009999999999999966
2014-11-13,0.0011271530554424203,0.007699999999999996
2014-11-14,0.0002448390519687038,-0.004799999999999987
2014-11-17,0.0006362616979638247,0.006799999999999997
2014-11-18,0.005757228653227919,-0.0013000000000000077
2014-11-19,-0.0016066882018606066,0.0010000000000000141
2014-11-20,0.0017525929843360544,-0.003800000000000008
2014-11-21,0.005336393833188957,-0.006799999999999997
2014-11-24,0.002802280528835688,-0.0028000000000000112
2014-11-25,-0.0007238250163013049,-0.0036999999999999924
2014-11-26,0.0025557040431252176,-0.0017999999999999971
2014-11-28,-0.0021211863913137563,0.012599999999999998
2014-12-01,-0.006974221004490744,0.0083
2014-12-02,0.006443103621848856,-0.013100000000000006
2014-12-03,0.0038557338446487677,-0.0034999999999999966
2014-12-04,-0.001107007538502458,-0.001199999999999992
2014-12-05,0.0016359192562536151,-0.0049000000000000024
2014-12-08,-0.006705110345956555,0.023200000000000002
2014-12-09,-0.0006779735628255068,0.011399999999999988
2014-12-10,-0.01616104639122007,0.031800010000000024
2014-12-11,0.005057000937073397,0.015499989999999962
2014-12-12,-0.0162935971160989,0.01
2014-12-15,-0.006893029947921292,-0.006599999999999966
2014-12-16,-0.008051975186366356,0.031499999999999986
2014-12-17,0.019415181621631916,-0.04129998999999998
2014-12-18,0.024427769586656822,-0.026300020000000045
2014-12-19,0.0042455815893971405,-0.0031999899999999924
2014-12-22,0.004589481584041266,-0.012399999999999984
2014-12-23,0.0013487173624806559,-0.004499999999999993
2014-12-24,9.616573943294071e-05,-0.004300000000000015
2014-12-26,0.0032195658875755484,0.0013000000000000077
2014-12-29,0.0013422895346559827,0.005600000000000005
2014-12-30,-0.005380466859874922,0.008599999999999995
2014-12-31,-0.009972307203141462,0.032800010000000004
2015-01-02,-0.0005354472477270278,-0.014100000000000001
2015-01-05,-0.018224723425208644,0.021299990000000015
2015-01-06,-0.009463367842599268,0.012000010000000004
2015-01-07,0.012383981186028237,-0.018100020000000043
2015-01-08,0.01758938029415269,-0.02299998999999996
2015-01-09,-0.008045718043083738,0.005399989999999981
2015-01-12,-0.007864507454584668,0.020500010000000016
2015-01-13,-0.0028165109477695793,0.009599989999999963
2015-01-14,-0.006055630341441187,0.009200010000000028
2015-01-15,-0.009202784910813833,0.009099989999999992
2015-01-16,0.013028990124464457,-0.014399979999999993
2015-01-20,0.0021302245695666855,-0.010600020000000009
2015-01-21,0.005035390847726973,-0.01039998999999998
2015-01-22,0.014761455464804563,-0.02450000000000003
2015-01-23,-0.005497829360641582,0.0026000000000000155
2015-01-26,0.002338980644548627,-0.011400000000000006
2015-01-27,-0.0132780374665451,0.016999989999999982
2015-01-28,-0.012907400078634446,0.032200020000000044
2015-01-29,0.009201101458639727,-0.016800010000000008
2015-01-30,-0.012654908387209396,0.022099989999999962
2015-02-02,0.012308288998224448,-0.015399989999999981
2015-02-03,0.014357670197679973,-0.021000000000000015
2015-02-04,-0.0038152025289619473,0.01
2015-02-05,0.010044350932247426,-0.01479999999999997
2015-02-06,-0.002769187814027241,0.004400009999999987
2015-02-09,-0.004486027180110597,0.012599979999999995
2015-02-10,0.010597202581768883,-0.013199989999999993
2015-02-11,0.0005801155134372848,-0.002700010000000006
2015-02-12,0.00957079981678266,-0.01619999
2015-02-13,0.0041079634889404915,-0.006500000000000003
2015-02-17,0.0015716656620137215,0.011100000000000013
2015-02-18,9.540005443309241e-05,-0.0035000000000000144
2015-02-19,-0.0007141054115304968,-0.0016000000000000014
2015-02-20,0.005982554172495824,-0.009899999999999985
2015-02-23,-0.00014176437418367271,0.0025999999999999977
2015-02-24,0.0028364613616087553,-0.00870000000000001
2015-02-25,-0.0008501528002220482,0.0015000000000000035
2015-02-26,-0.0011820677101841426,0.0007000000000000028
2015-02-27,-0.0034118331766288534,-0.005700000000000003
2015-03-02,0.006293647822499082,-0.003000000000000007
2015-03-03,-0.004112402872369358,0.008200000000000002
2015-03-04,-0.004224421094644271,0.00370000000000001
2015-03-05,0.0010933706232139073,-0.0019000000000000128
2015-03-06,-0.014164291668115503,0.011600000000000001
2015-03-09,0.0041357782992133,-0.0013999999999999878
2015-03-10,-0.016354855158716042,0.016300010000000018
2015-03-11,-0.0023443447155209185,0.0017999999999999971
2015-03-12,0.01263377999730153,-0.014500010000000021
2015-03-13,-0.006151087371988773,0.0058000000000000005
2015-03-16,0.013271990265751654,-0.003900000000000006
2015-03-17,-0.0029768351728707287,0.0005000000000000071
2015-03-18,0.01194986552494548,-0.016899999999999995
2015-03-19,-0.004571854631674199,0.0009999999999999966
2015-03-20,0.008787052154006325,-0.010500000000000008
2015-03-23,-0.0019504798433374049,0.003900000000000006
2015-03-24,-0.005634919443327391,0.0020999999999999908
2015-03-25,-0.014762083329334708,0.018200000000000004
2015-03-26,-0.0023842902263142562,0.003600000000000012
2015-03-27,0.0022870557581828876,-0.007300000000000004
2015-03-30,0.012125977862597281,-0.005600000000000005
2015-03-31,-0.008777929254423888,0.007799999999999994
2015-04-01,-0.0035426192952288105,-0.0017999999999999971
2015-04-02,0.0035911509413502074,-0.004399999999999995
2015-04-06,0.006710618028146875,0.0007000000000000028
2015-04-07,-0.0026500177468129493,0.00039999999999999145
2015-04-08,0.0033713880390022766,-0.00799999999999999
2015-04-09,0.004413890530113207,-0.008900000000000005
2015-04-10,0.005442288122627481,-0.005099999999999998
2015-04-13,-0.004533235777571143,0.013599999999999994
2015-04-14,0.0019112971348418384,-0.002699999999999996
2015-04-15,0.004477061836421825,-0.0083
2015-04-16,-0.0002853334199537372,-0.002400000000000002
2015-04-17,-0.011570186343200284,0.012900000000000009
2015-04-20,0.009095298430888299,-0.005899999999999999
2015-04-21,-0.001192063017580125,-0.0005000000000000071
2015-04-22,0.004902301406151999,-0.005399999999999992
2015-04-23,0.0025131091054841903,-0.0023000000000000043
2015-04-24,0.002317779211002957,-0.0019000000000000128
2015-04-27,-0.004166483058757997,0.0083
2015-04-28,0.003173741284023812,-0.007099999999999991
2015-04-29,-0.004123127054022291,0.009800000000000005
2015-04-30,-0.010070982804617046,0.011600000000000001
2015-05-01,0.0107830464970462,-0.018500000000000013
2015-05-04,0.002843435032064079,0.0015000000000000035
2015-05-05,-0.011517946584850058,0.014600000000000009
2015-05-06,-0.004125361598437571,0.008399999999999998
2015-05-07,0.003981464000919033,-0.00019999999999999573
2015-05-08,0.013080268027108488,-0.022700000000000012
2015-05-11,-0.004784005035234351,0.009900000000000003
2015-05-12,-0.0029957814093908297,9.999999999999786e-05
2015-05-13,0.00019045111423299232,-0.0009999999999999966
2015-05-14,0.010373480037570104,-0.010199999999999996
2015-05-15,0.001083323500242983,-0.0035999999999999943
2015-05-18,0.003101965992261313,0.0034999999999999966
2015-05-19,-0.0003284772736726893,0.001199999999999992
2015-05-20,-0.000704415614242393,0.00030000000000001136
2015-05-21,0.002908257985442475,-0.007700000000000013
2015-05-22,-0.0023916781830264355,0.0002000000000000135
2015-05-26,-0.010809766983798319,0.019299999999999998
2015-05-27,0.009447272474195856,-0.00790000000000001
2015-05-28,-0.0011290715876182134,0.00040000000000000923
2015-05-29,-0.006232212331707565,0.005299999999999994
2015-06-01,0.0020345994091126585,0.0013000000000000077
2015-06-02,-0.00099319891257732,0.002699999999999996
2015-06-03,0.0026462108894547143,-0.0058000000000000005
2015-06-04,-0.008482594680485178,0.010500000000000008
2015-06-05,-0.0017147099295842239,-0.005
2015-06-08,-0.006456436487170869,0.010799999999999983
2015-06-09,0.00014397029469570555,-0.008199999999999985
2015-06-10,0.011969270577983693,-0.0125
2015-06-11,0.0032654924128392437,-0.00370000000000001
2015-06-12,-0.00815986559123516,0.009299999999999998
2015-06-15,-0.003961556693445445,0.016100000000000014
2015-06-16,0.005484749211022155,-0.0058000000000000005
2015-06-17,0.0016154910459009741,-0.003100000000000005
2015-06-18,0.01001673532815861,-0.013100000000000006
2015-06-19,-0.0041179535162987335,0.007700000000000013
2015-06-22,0.005110027433542719,-0.012200000000000006
2015-06-23,0.0007546282229649037,-0.006300000000000008
2015-06-24,-0.007288860644970363,0.011500000000000003
2015-06-25,-0.0032354432238177466,0.0075
2015-06-26,0.0003335836971771755,9.999999999999786e-05
2015-06-29,-0.02133117352527769,0.04830000000000002
2015-06-30,0.0020420033378281133,-0.00620000000000001
2015-07-01,0.008126507244701209,-0.021400000000000006
2015-07-02,-0.001204852585105165,0.0070000100000000036
2015-07-06,-0.003140322556280495,0.002199990000000014
2015-07-07,0.0064628092760026234,-0.009200000000000017
2015-07-08,-0.016871527988529422,0.0357
2015-07-09,0.001319286611779269,0.003099989999999977
2015-07-10,0.01300108834161584,-0.031399989999999996
2015-07-13,0.010928821289422963,-0.02929999999999998
2015-07-14,0.0045663362832364385,-0.005300000000000011
2015-07-15,-0.00042703693813539445,-0.0013999999999999878
2015-07-16,0.007755943280582045,-0.01120000000000001
2015-07-17,0.0009417724951541473,-0.0016000000000000014
2015-07-20,0.0007056733411294758,0.003000000000000007
2015-07-21,-0.0040530104423277535,-0.00029999999999999363
2015-07-22,-0.0022220412730833417,-0.0010000000000000141
2015-07-23,-0.005457673157788001,0.005200000000000014
2015-07-24,-0.01052432957208449,0.010999999999999996
2015-07-27,-0.005787428229391267,0.018599999999999995
2015-07-28,0.012354285023731926,-0.0216
2015-07-29,0.006951260585402963,-0.009399999999999995
2015-07-30,0.00023720607425925522,-0.0036999999999999924
2015-07-31,-0.001756743436122754,-0.00010000000000001563
2015-08-03,-0.0034270629575727796,0.004400000000000012
2015-08-04,-0.001956946138416349,0.004399999999999995
2015-08-05,0.003719480139165121,-0.0049000000000000024
2015-08-06,-0.00836420769020485,0.012599999999999998
2015-08-07,-0.0020659846654274006,-0.00379999999999999
2015-08-10,0.012949806622994053,-0.011600000000000001
2015-08-11,-0.009397151914575907,0.014800000000000004
2015-08-12,0.0012452337893158472,-0.0010000000000000141
2015-08-13,-0.0010534880085453224,-0.001199999999999992
2015-08-14,0.003157534977422216,-0.006600000000000002
2015-08-17,0.005715367387865378,0.001899999999999995
2015-08-18,-0.0029964666704298537,0.007699999999999996
2015-08-19,-0.007890840027574342,0.014600000000000009
2015-08-20,-0.020714429597001427,0.038899989999999995
2015-08-21,-0.03177230363889816,0.08890002000000002
2015-08-24,-0.04174366562337717,0.12710001
2015-08-25,-0.01231509061203706,-0.04720002000000001
2015-08-26,0.039019162328608914,-0.05700000000000003
2015-08-27,0.022751500783255274,-0.04219999999999999
2015-08-28,0.0004014188813927788,-0.0005000100000000174
2015-08-31,-0.008568985183804223,0.02380001
2015-09-01,-0.029644153620482783,0.02969999999999999
2015-09-02,0.01880317371534801,-0.05309999999999999
2015-09-03,0.0012272770346353212,-0.004799989999999994
2015-09-04,-0.015763650179208,0.021899979999999993
2015-09-08,0.024972560445189806,-0.02899999000000001
2015-09-09,-0.013768151260316053,0.013300000000000018
2015-09-10,0.005581056286402486,-0.018599989999999983
2015-09-11,0.004534087537463094,-0.011700000000000018
2015-09-14,-0.0038706334995675107,0.010499989999999997
2015-09-15,0.012524557702641381,-0.01709999
2015-09-16,0.008480038721395466,-0.011900009999999987
2015-09-17,-0.0022008353505906797,-0.002100010000000019
2015-09-18,-0.016783864001459925,0.011400020000000026
2015-09-21,0.005512948850289412,-0.021400020000000027
2015-09-22,-0.013014508282608972,0.023000020000000027
2015-09-23,-0.0015483984787518779,-0.003100020000000043
2015-09-24,-0.003466700062091377,0.013399999999999999
2015-09-25,-0.000310981112715325,0.001500020000000042
2015-09-28,-0.026053195888454894,0.04009997999999996
2015-09-29,0.0009040712136387796,-0.007999989999999997
2015-09-30,0.018490269262421144,-0.023299999999999984
2015-10-01,0.002814804353110212,-0.01950001
2015-10-02,0.014827298711574954,-0.016099979999999972
2015-10-05,0.017638293757664236,-0.014000000000000021
2015-10-06,-0.003432300151175127,-0.001400010000000016
2015-10-07,0.008157392521737528,-0.01
2015-10-08,0.008986263965667263,-0.009799999999999968
2015-10-09,0.0005960866871328463,-0.003400000000000034
2015-10-12,0.0009433356260819536,-0.009099999999999966
2015-10-13,-0.006322182015341404,0.015
2015-10-14,-0.004805664124969411,0.0036000100000000046
2015-10-15,0.015237849215283816,-0.019800020000000026
2015-10-16,0.0045363857058564605,-0.00999998999999999
2015-10-19,0.0004917812950608891,-0.0007000000000000028
2015-10-20,-0.0012792724510166664,0.007699999999999996
2015-10-21,-0.006222825382936392,0.009500010000000003
2015-10-22,0.016509028992341968,-0.02250001000000001
2015-10-23,0.011193839181279586,0.00010000000000001563
2015-10-26,-0.0025571568746407536,0.008299999999999983
2015-10-27,-0.002031191265671417,0.0014000000000000056
2015-10-28,0.011407852391792872,-0.010999999999999996
2015-10-29,-0.00023950209858636384,0.0027999999999999935
2015-10-30,-0.004606200463233456,0.004600000000000009
2015-11-02,0.011761395228974791,-0.0092
2015-11-03,0.002895276809085523,0.003899999999999988
2015-11-04,-0.00294273599237016,0.009700000000000007
2015-11-05,-0.0010939204701694294,-0.00459999999999999
2015-11-06,-0.0005236048835026708,-0.007200000000000007
2015-11-09,-0.009375228002898695,0.021899999999999996
2015-11-10,0.002304051064331958,-0.012300000000000004
2015-11-11,-0.003939316045321384,0.0076999899999999856
2015-11-12,-0.01405816834795015,0.023100020000000044
2015-11-13,-0.011291663074601388,0.017099989999999964
2015-11-16,0.015092270915803674,-0.01919999999999998
2015-11-17,-0.000729808747732541,0.006799999999999997
2015-11-18,0.015741590887432544,-0.019899999999999984
2015-11-19,-0.0008627812083128461,0.00139999999999997
2015-11-20,0.003637650380910351,-0.015199999999999977
2015-11-23,-0.0011473538443276254,0.0014999999999999857
2015-11-24,0.0013383716843327065,0.003100000000000005
2015-11-25,-0.0001433976454494612,-0.007400000000000002
2015-11-27,0.0011459028915350444,-0.0007000000000000028
2015-11-30,-0.004160054254644052,0.010099989999999988
2015-12-01,0.00949036809340953,-0.014599989999999981
2015-12-02,-0.010257552552570104,0.012400000000000001
2015-12-03,-0.014101573726367889,0.022000010000000004
2015-12-04,0.019315258790385315,-0.033000009999999996
2015-12-07,-0.006077140604249465,0.010299999999999993
2015-12-08,-0.006742074375083895,0.017600000000000015
2015-12-09,-0.007810150361547308,0.02010000999999999
2015-12-10,0.0025776785551920867,-0.002700010000000006
2015-12-11,-0.019571341566776645,0.050499989999999995
2015-12-14,0.005039690646748696,-0.01659998999999999
2015-12-15,0.010443131691024732,-0.01779999
2015-12-16,0.014526072598505024,-0.030899999999999997
2015-12-17,-0.015355617345765182,0.010800000000000018
2015-12-18,-0.017977556062472644,0.01759999999999998
2015-12-21,0.008215049761179927,-0.02
2015-12-22,0.009033253141128128,-0.02100000999999999
2015-12-23,0.012307391924251121,-0.01030000000000001
2015-12-24,-0.0016517746000710432,0.0016999999999999993
2015-12-28,-0.0022877222705801614,0.011699999999999999
2015-12-29,0.01061569788209571,-0.00830000000000002
2015-12-30,-0.007113108028848458,0.012100010000000019
2015-12-31,-0.010053857501437058,0.009199979999999996
2016-01-04,-0.01407801283766208,0.024900020000000005
2016-01-05,0.001689869702561353,-0.013600010000000004
2016-01-06,-0.01269434466461572,0.0125
2016-01-07,-0.02428413945402763,0.043999999999999984
2016-01-08,-0.011037314045314162,0.02020000000000003
2016-01-11,0.0009896150422266103,-0.027100010000000018
2016-01-12,0.008035883458829218,-0.018300000000000018
2016-01-13,-0.025256782164002622,0.0275
2016-01-14,0.01628350307894877,-0.012699979999999975
2016-01-15,-0.021700020799157116,0.030699989999999993
2016-01-19,0.001330215292758119,-0.009700009999999998
2016-01-20,-0.012897759356851779,0.015400010000000002
2016-01-21,0.0055862151935954785,-0.008999989999999975
2016-01-22,0.02030779023208673,-0.043500010000000026
2016-01-25,-0.015232000993760764,0.018099999999999988
2016-01-26,0.013550864617467795,-0.016499999999999987
2016-01-27,-0.010942813315480748,0.006100010000000005
2016-01-28,0.0051957850823551865,-0.006900009999999988
2016-01-29,0.0240848892790968,-0.022199990000000013
2016-02-01,-0.000361639067665287,-0.0022000099999999988
2016-02-02,-0.01818634107398953,0.02
2016-02-03,0.005977037400690222,-0.0033000000000000186
2016-02-04,0.0015670330079542438,0.0019000000000000128
2016-02-05,-0.019234085580440485,0.015399989999999981
2016-02-08,-0.013552470098783687,0.02620001000000002
2016-02-09,5.387827267444578e-05,0.005400010000000002
2016-02-10,-0.0008632428265977765,-0.0025
2016-02-11,-0.013093091276010327,0.018499979999999992
2016-02-12,0.02040702543780082,-0.02739999000000001
2016-02-16,0.016737462884557353,-0.012899989999999981
2016-02-17,0.016202826137671877,-0.018000020000000026
2016-02-18,-0.004104423659850198,-0.006699999999999981
2016-02-19,-0.0004685926306260413,-0.011099979999999975
2016-02-22,0.014375329678876447,-0.011500020000000041
2016-02-23,-0.012710023627846567,0.016000010000000023
2016-02-24,0.004565336622504468,-0.002600010000000026
2016-02-25,0.01203895367273411,-0.016099979999999972
2016-02-26,-0.0023040801300053815,0.0069999799999999725
2016-02-29,-0.007873266859490968,0.00740000000000002
2016-03-01,0.02323479374561277,-0.028499979999999994
2016-03-02,0.004482574143471751,-0.006100010000000005
2016-03-03,0.003911769740658322,-0.0038999899999999955
2016-03-04,0.003248380217455882,0.0016000000000000014
2016-03-07,0.0007977319986043341,0.0048999900000000094
2016-03-08,-0.010977682262771182,0.013200000000000003
2016-03-09,0.0049274121238216395,-0.0033000000000000186
2016-03-10,0.0008020165407005564,-0.002900010000000002
2016-03-11,0.01600835692147573,-0.015499989999999996
2016-03-14,-0.0012829659708195607,0.004200000000000017
2016-03-15,-0.0016310940182053812,-0.0008000000000000185
2016-03-16,0.005770444431542288,-0.018499999999999996
2016-03-17,0.006324302916844715,-0.0055000000000000075
2016-03-18,0.003919979688309816,-0.004199999999999999
2016-03-21,0.0014177442070684165,-0.0023000000000000043
2016-03-22,-0.0005376094294557987,0.003800000000000008
2016-03-23,-0.006621245891667904,0.007699999999999996
2016-03-24,-0.0004429745831577847,-0.001999999999999993
2016-03-28,0.0005906411244298582,0.005
2016-03-29,0.009207516409117211,-0.014199999999999999
2016-03-30,0.004378077605331043,-0.0025999999999999977
2016-03-31,-0.002429899730002738,0.003899999999999988
2016-04-01,0.006788969820295421,-0.008499999999999997
2016-04-04,-0.003243173917504727,0.010199999999999996
2016-04-05,-0.010038183604653028,0.013000000000000006
2016-04-06,0.010861962925544866,-0.013300000000000001
2016-04-07,-0.012038171164321376,0.020700000000000003
2016-04-08,0.0026933471172663204,-0.008000000000000007
2016-04-11,-0.0023500738094357487,0.009000000000000022
2016-04-12,0.009269794515289753,-0.014100000000000019
2016-04-13,0.010050302530582478,-0.010099999999999998
2016-04-14,4.8011535770164926e-05,-0.001199999999999992
2016-04-15,-0.0011064493582111368,-0.0010000000000000141
2016-04-18,0.0070021839168852296,-0.002699999999999996
2016-04-19,0.0031494026025109534,-0.0010999999999999942
2016-04-20,0.0009523803947955045,0.00039999999999999145
2016-04-21,-0.005392951530518886,0.006699999999999999
2016-04-22,0.0,-0.007299999999999986
2016-04-25,-0.001724162183006861,0.008599999999999995
2016-04-26,0.0014849369116083366,-0.001199999999999992
2016-04-27,0.002056062522560964,-0.0019000000000000128
2016-04-28,-0.009117223589658607,0.014500000000000011
2016-04-29,-0.005413474903955162,0.004799999999999987
2016-05-02,0.007916996666480713,-0.010199999999999996
2016-05-03,-0.008741289070250069,0.0092
2016-05-04,-0.005593888235487121,0.004499990000000001
2016-05-05,-0.00019495831736637825,-0.0013999899999999955
2016-05-06,0.003652392708416663,-0.011899999999999996
2016-05-09,0.0008259008005504498,-0.0015000000000000035
2016-05-10,0.012357256128291638,-0.009399999999999995
2016-05-11,-0.009398792063057826,0.010599999999999988
2016-05-12,0.00029044857666704615,-0.0027999999999999935
2016-05-13,-0.008752365426084374,0.00629999999999999
2016-05-16,0.00981673979393527,-0.0035999999999999943
2016-05-17,-0.009377152584609583,0.008900000000000005
2016-05-18,0.0002927876798004547,0.00379999999999999
2016-05-19,-0.0034710477247150706,0.00379999999999999
2016-05-20,0.006297452082275612,-0.01129999999999999
2016-05-23,-0.00136357554153399,0.00620000000000001
2016-05-24,0.012879134726833996,-0.014000000000000004
2016-05-25,0.006760126118382281,-0.005199999999999995
2016-05-26,0.0002867472747389854,-0.004700000000000006
2016-05-27,0.004290010619092399,-0.003100000000000005
2016-05-31,-0.0019043985086337756,0.010700000000000003
2016-06-01,0.0020471277366818086,9.999999999999786e-05
2016-06-02,0.0030389928296994384,-0.0056999999999999855
2016-06-03,-0.002991494578186149,-0.0016000000000000014
2016-06-06,0.00507558008122988,0.0017999999999999971
2016-06-07,0.001560140157220502,0.0040000000000000036
2016-06-08,0.003254324853016577,0.00029999999999999363
2016-06-09,-0.0013664594444797729,0.005600000000000005
2016-06-10,-0.009522618534384186,0.023900010000000017
2016-06-13,-0.0077417081238895236,0.03939997999999996
2016-06-14,-0.0019688511160609323,-0.0046999899999999786
2016-06-15,-0.0013950010878946983,-0.0036000100000000046
2016-06-16,0.0029798680686230483,-0.007699979999999975
2016-06-17,-0.0037289197758338943,0.0003999899999999812
2016-06-20,0.006419331125672834,-0.01039998999999998
2016-06-21,0.0028346635923988117,0.001099989999999984
2016-06-22,-0.0016325728422463825,0.026900000000000014
2016-06-23,0.012938515138952056,-0.03920000000000002
2016-06-24,-0.03656982769105621,0.08510000000000001
2016-06-27,-0.018071957523950744,-0.019100000000000002
2016-06-28,0.017875295741688113,-0.05100000000000002
2016-06-29,0.016884192070196313,-0.021100010000000006
2016-06-30,0.013553231147310996,-0.010099989999999988
2016-07-01,0.002098365344841646,-0.008600000000000012
2016-07-05,-0.007219249535173056,0.008100000000000005
2016-07-06,0.005979901710843727,-0.006199999999999992
2016-07-07,-0.00062029298581745,-0.0020000000000000104
2016-07-08,0.014780677466099235,-0.015600000000000004
2016-07-11,0.0035207748061747424,0.0033999999999999985
2016-07-12,0.007236980233816581,0.00010000000000001563
2016-07-13,-0.00013941675743112114,-0.005100000000000016
2016-07-14,0.005567896618889456,-0.0021999999999999884
2016-07-15,-0.0013426840180246202,-0.0015000000000000035
2016-07-18,0.0026835725056066906,-0.0023000000000000043
2016-07-19,-0.0010171321164067493,-0.004699999999999989
2016-07-20,0.004154386106756114,-0.0020000000000000104
2016-07-21,-0.0037844315139023976,0.009700000000000007
2016-07-22,0.004475338850015831,-0.007200000000000007
2016-07-25,-0.002719752749161586,0.008499999999999997
2016-07-26,0.00046144629007294213,0.001800000000000015
2016-07-27,-0.00106156979686034,-0.002200000000000006
2016-07-28,0.0011539061803960138,-0.0010999999999999942
2016-07-29,0.001613235965106874,-0.008500000000000014
2016-08-01,-0.0008291903287993563,0.005700000000000003
2016-08-02,-0.0064280553516748995,0.009299999999999998
2016-08-03,0.002918429362780195,-0.005099999999999998
2016-08-04,0.001063389101677359,-0.004399999999999995
2016-08-05,0.008145634962522408,-0.010299999999999993
2016-08-08,-0.0005959909343697944,0.0010999999999999942
2016-08-09,0.0005959909343697944,0.0016000000000000014
2016-08-10,-0.00247811947373755,0.003900000000000006
2016-08-11,0.004630030229506588,-0.00370000000000001
2016-08-12,-0.0008692319878429444,-0.00129999999999999
2016-08-15,0.0028796100018979587,0.0025999999999999977
2016-08-16,-0.005171092912949149,0.0083
2016-08-17,0.0018792955853408344,-0.004500000000000011
2016-08-18,0.0022414229575655753,-0.007599999999999998
2016-08-19,-0.0014632687304638736,-0.0008999999999999986
2016-08-22,-4.568267179205776e-05,0.009299999999999998
2016-08-23,0.0020113321203059087,0.001100000000000012
2016-08-24,-0.0051279579435909994,0.010699999999999986
2016-08-25,-0.0006887503007018125,0.001800000000000015
2016-08-26,-0.001885157316188213,0.00019999999999999573
2016-08-29,0.004912271507486743,-0.007100000000000008
2016-08-30,-0.001650010561011328,0.0017999999999999971
2016-08-31,-0.0028481026193221126,0.003000000000000007
2016-09-01,4.607410252344124e-05,0.0006000000000000049
2016-09-02,0.004497829455188729,-0.015
2016-09-06,0.0030179123582394496,0.00039999999999999145
2016-09-07,-9.153224312363761e-05,-0.0008000000000000007
2016-09-08,-0.00228550125054916,0.005700000000000003
2016-09-09,-0.024225884285981714,0.0499
2016-09-12,0.014245379017936877,-0.023399999999999997
2016-09-13,-0.014479831804643517,0.026900000000000014
2016-09-14,-0.0003753827005938959,0.002899989999999981
2016-09-15,0.00994341496852158,-0.0184
2016-09-16,-0.003872725489514117,-0.009299990000000005
2016-09-19,0.00018762081634005057,0.0016000000000000014
2016-09-20,4.669039567151145e-05,0.003900000000000006
2016-09-21,0.01118277158860792,-0.02619999999999999
2016-09-22,0.006281571637873462,-0.012800000000000011
2016-09-23,-0.005494196387633821,0.002699999999999996
2016-09-26,-0.00813509184489103,0.02210000000000001
2016-09-27,0.006188711226672083,-0.014000000000000004
2016-09-28,0.004951199265853745,-0.007099999999999991
2016-09-29,-0.009088395117459847,0.01629999999999999
2016-09-30,0.007517677186935856,-0.007300000000000004
2016-10-03,-0.0024068562170906915,0.0028000000000000112
2016-10-04,-0.0051108209698451645,0.0006000000000000049
2016-10-05,0.00441541027918646,-0.0064000000000000055
2016-10-06,0.0006954106906587043,-0.0015000000000000035
2016-10-07,-0.0034353519252352527,0.0064000000000000055
2016-10-10,0.005194863203393574,-0.0009999999999999966
2016-10-11,-0.012710057733049673,0.019799999999999988
2016-10-12,0.0013111870937203562,0.0055000000000000075
2016-10-13,-0.003280936909106913,0.007800010000000021
2016-10-14,0.0005162722609952652,-0.005700000000000003
2016-10-17,-0.0034782254256482403,0.000899979999999978
2016-10-18,0.006242890073759888,-0.009299990000000005
2016-10-19,0.002663511346477243,-0.008699999999999992
2016-10-20,-0.0018685167566125926,-0.006600000000000002
2016-10-21,0.00046746026806498975,-0.004100000000000001
2016-10-24,0.004243820902800621,-0.0032000000000000028
2016-10-25,-0.0033562411331544695,0.004400000000000012
2016-10-26,-0.0020097070347269153,0.007799999999999994
2016-10-27,-0.0026703277824200455,0.011199999999999993
2016-10-28,-0.0029598788744262805,0.00830001000000003
2016-10-31,4.718632024314218e-05,0.008699979999999954
2016-11-01,-0.007271802259211313,0.015
2016-11-02,-0.006036767417996636,0.007600010000000026
2016-11-03,-0.004587798143065314,0.02759999999999998
2016-11-04,-0.0011019252194373053,0.004300000000000033
2016-11-07,0.021817037196387723,-0.038000010000000015
2016-11-08,0.004493725511192537,0.00030000999999998614
2016-11-09,0.010546341355224698,-0.04359999999999998
2016-11-10,0.002492437350543497,0.0035999999999999943
2016-11-11,-0.002307575923777172,-0.005700000000000003
2016-11-14,0.0007850484623004306,0.003100000000000005
2016-11-15,0.007772637125792237,-0.011100000000000013
2016-11-16,-0.001880122953187069,0.0035000000000000144
2016-11-17,0.00512748122532436,-0.00370000000000001
2016-11-18,-0.0022401289628755094,-0.005
2016-11-21,0.00752311103957215,-0.004299999999999997
2016-11-22,0.0019514665943081155,-9.999999999999786e-05
2016-11-23,0.0005438606308105776,0.00019999999999999573
2016-11-25,0.0037085689577569525,-0.0008999999999999986
2016-11-28,-0.004705966043447418,0.008100000000000005
2016-11-29,0.001948401832629898,-0.0025
2016-11-30,-0.002402001831703693,0.004299999999999997
2016-12-01,-0.003682330065819528,0.007400000000000002
2016-12-02,0.0005008516914584149,0.0004999999999999894
2016-12-05,0.005990758734454538,-0.019799999999999988
2016-12-06,0.0031624304854940277,-0.0035000000000000144
2016-12-07,0.012996012308525096,0.004300000000000015
2016-12-08,0.002445659624934926,0.004199999999999999
2016-12-09,0.006022338369603197,-0.008900000000000005
2016-12-12,-0.0011484605442113605,0.008900000000000005
2016-12-13,0.006651754655160325,0.0008000000000000007
2016-12-14,-0.00828839931616887,0.004699999999999989
2016-12-15,0.0041086406291022115,-0.0040000000000000036
2016-12-16,-0.001958106732277365,-0.005899999999999999
2016-12-19,0.002175020553241147,-0.004899999999999984
2016-12-20,0.00385019772530093,-0.0026000000000000155
2016-12-21,-0.0027863993161734157,-0.0017999999999999971
2016-12-22,-0.0017290338000544025,0.0016000000000000014
2016-12-23,0.001463193724538847,9.999999999999786e-05
2016-12-27,0.002477969388436918,0.0055000000000000075
2016-12-28,-0.008298992996830457,0.00959999999999999
2016-12-29,-0.0002227430278942677,0.004199999999999999
2016-12-30,-0.003661693207792638,0.006699999999999999
2017-01-03,0.007620988534555728,-0.011899999999999996
2017-01-04,0.005931392965752735,-0.01
2017-01-05,-0.0007946822645390483,-0.0017999999999999971
2017-01-06,0.003571413809673629,-0.0034999999999999966
2017-01-09,-0.003306305815815591,0.002400000000000002
2017-01-10,0.0,-0.0007000000000000028
2017-01-11,0.002822031513713519,-0.0023000000000000043
2017-01-12,-0.0025129881575196578,0.0027999999999999935
2017-01-13,0.0022927563920323024,-0.0030999999999999873
2017-01-17,-0.0035295859224211412,0.006399999999999988
2017-01-18,0.0022075102472864927,0.006100000000000012
2017-01-19,-0.003711411827400646,0.0029999999999999892
2017-01-20,0.0036673710118790837,-0.012400000000000001
2017-01-23,-0.002605710277129525,0.0023000000000000043
2017-01-24,0.00639138862573585,-0.006999999999999993
2017-01-25,0.00861821300142207,-0.0025999999999999977
2017-01-26,-0.0010458318205737172,-0.0017999999999999971
2017-01-27,-0.0015711915729372805,-0.0005000000000000071
2017-01-30,-0.006220942055304768,0.013000000000000006
2017-01-31,-8.798389900288583e-05,0.0010999999999999942
2017-02-01,0.0003956201546024829,-0.0017999999999999971
2017-02-02,0.0006586954969556302,0.001199999999999992
2017-02-03,0.00686927284118255,-0.00959999999999999
2017-02-06,-0.0017892653126887481,0.003999999999999986
2017-02-07,4.361952079801057e-05,-0.0008000000000000007
2017-02-08,0.0013096411613329195,0.0016000000000000014
2017-02-09,0.0059148775942095,-0.0056999999999999855
2017-02-10,0.003938603973328014,-0.00030000000000001136
2017-02-13,0.005427724058051808,0.002200000000000006
2017-02-14,0.003987350310048932,-0.003300000000000001
2017-02-15,0.005206846804933107,0.012300000000000004
2017-02-16,-0.0008516106806144563,-0.0021000000000000085
2017-02-17,0.0015750016644702214,-0.002699999999999996
2017-02-21,0.005937504219517997,0.0008000000000000007
2017-02-22,-0.0008883492108395785,0.0016999999999999993
2017-02-23,0.0006769287286596537,-0.00029999999999999363
2017-02-24,0.0012680591671454522,-0.002400000000000002
2017-02-27,0.001561643494164322,0.006199999999999992
2017-02-28,-0.0027028696088686743,0.0083
2017-03-01,0.013900432019806175,-0.003800000000000008
2017-03-02,-0.006317239501189675,-0.007299999999999986
2017-03-03,0.0006292585908322934,-0.008499999999999997
2017-03-06,-0.002982287391199101,0.0027999999999999935
2017-03-07,-0.0029914797948267235,0.0020999999999999908
2017-03-08,-0.0018582197791108257,0.004100000000000001
2017-03-09,0.0012674164548025502,0.004400000000000012
2017-03-10,0.003498125470425606,-0.0064000000000000055
2017-03-13,0.000504765427724152,-0.003100000000000005
2017-03-14,-0.0038340630981315016,0.00950000000000001
2017-03-15,0.008616341477555522,-0.006699999999999999
2017-03-16,-0.00196898960706271,-0.004199999999999999
2017-03-17,-0.0017576554084968166,0.000699999999999985
2017-03-20,-0.001097494845816449,0.0006000000000000049
2017-03-21,-0.012922638112865314,0.011300000000000008
2017-03-22,0.002350357397194358,0.0033999999999999985
2017-03-23,-0.001067628969667389,0.0030999999999999873
2017-03-24,-0.0007266953990345826,-0.0015999999999999836
2017-03-27,-0.0010267831901744628,-0.004600000000000009
2017-03-28,0.007250431824841641,-0.009700000000000007
2017-03-29,0.0009345434784178153,-0.0010999999999999942
2017-03-30,0.003178999059058718,0.001199999999999992
2017-03-31,-0.0023303408147699045,0.0083
2017-04-03,-0.0017406164177558026,0.00010000000000001563
2017-04-04,0.0006371081891423103,-0.005900000000000016
2017-04-05,-0.002977036674808531,0.011000000000000015
2017-04-06,0.002807258746302388,-0.005
2017-04-07,-0.0010200253143413107,0.004799999999999987
2017-04-10,0.0005951466969822405,0.011800000000000015
2017-04-11,-0.0011905818018291825,0.010199999999999996
2017-04-12,-0.0043914083820313365,0.006999999999999993
2017-04-13,-0.006516095275907574,0.0019000000000000128
2017-04-17,0.008820924634585836,-0.013000000000000006
2017-04-18,-0.0029888062730174525,-0.002400000000000002
2017-04-19,-0.0018401973501909197,0.005099999999999998
2017-04-20,0.00810616444839063,-0.007799999999999994
2017-04-21,-0.003192054820027934,0.004800000000000004
2017-04-24,0.010937891498575603,-0.03790000000000001
2017-04-25,0.0058018159654738,-0.0008000000000000007
2017-04-26,-0.000629040861882757,0.0008999999999999986
2017-04-27,0.0008385422154830735,-0.0049000000000000024
2017-04-28,-0.0021817287767635918,0.004600000000000009
2017-05-01,0.002516898611194307,-0.007100000000000008
2017-05-02,0.0003770942752678863,0.004800000000000004
2017-05-03,-0.00121529030985279,0.0008999999999999986
2017-05-04,0.0011734485073429113,-0.0021999999999999884
2017-05-05,0.003929242294806734,0.0010999999999999942
2017-05-08,-0.0001669224676117409,-0.008000000000000007
2017-05-09,-0.0009182760592354455,0.0019000000000000128
2017-05-10,0.0017941261510268092,0.0025
2017-05-11,-0.0020447598054431637,0.003899999999999988
2017-05-12,-0.0016723857555254185,-0.001999999999999993
2017-05-15,0.005508192018276681,0.00019999999999999573
2017-05-16,-0.000915893876927143,0.0023000000000000043
2017-05-17,-0.017903367027269468,0.04939999999999999
2017-05-18,0.004020387724569474,-0.009299999999999998
2017-05-19,0.006483142846050782,-0.02620000000000001
2017-05-22,0.0050645475622594915,-0.011099999999999994
2017-05-23,0.0022103139787725823,-0.0020999999999999908
2017-05-24,0.0023302033556804602,-0.0070000000000000106
2017-05-25,0.0047680212886600515,-0.00029999999999999363
2017-05-26,-0.00020676271608088825,-0.0017999999999999971
2017-05-30,-0.0008691840529211348,0.005700000000000003
2017-05-31,-0.0002485597439765286,0.00029999999999999363
2017-06-01,0.007920855671417648,-0.005199999999999995
2017-06-02,0.003322845499386773,-0.0014000000000000056
2017-06-05,-0.0007373835042860932,0.0032000000000000028
2017-06-06,-0.003201934254569494,0.00379999999999999
2017-06-07,0.001848541016455485,-0.0005999999999999873
2017-06-08,0.0004922712523418582,-0.0023000000000000043
2017-06-09,-0.001518974756072211,0.005399999999999992
2017-06-12,-0.00020536525325631771,0.007600000000000016
2017-06-13,0.004878016345331915,-0.01040000000000001
2017-06-14,-0.0012684851452657853,0.002200000000000006
2017-06-15,-0.0019261051847605515,0.0025999999999999977
2017-06-16,0.0002183526523804602,-0.005199999999999995
2017-06-19,0.008290750076565878,-0.00010000000000001563
2017-06-20,-0.006766982308418434,0.0049000000000000024
2017-06-21,-0.0002470447984537216,-0.0010999999999999942
2017-06-22,-0.0004528147789919501,-0.002699999999999996
2017-06-23,0.0011935756496956884,-0.004600000000000009
2017-06-26,0.0006577131273886039,-0.001199999999999992
2017-06-27,-0.008088808825599259,0.011600000000000001
2017-06-28,0.008910643565974041,-0.01030000000000001
2017-06-29,-0.008827670319105252,0.014100000000000001
2017-06-30,0.0018627709681870996,-0.0025999999999999977
2017-07-03,0.0016941619488939352,0.00040000000000000923
2017-07-05,0.002309445120824094,-0.0015000000000000035
2017-07-06,-0.009186701700540922,0.014699999999999989
2017-07-07,0.006464249952801815,-0.013499999999999996
2017-07-10,0.0010733488270382452,-0.0008000000000000007
2017-07-11,-0.0007429528302003163,-0.0021999999999999884
2017-07-12,0.007486680165634141,-0.005899999999999999
2017-07-13,0.0016788308513797645,-0.0040000000000000036
2017-07-14,0.004653244303875148,-0.003900000000000006
2017-07-17,-0.00012210420891545226,0.003100000000000005
2017-07-18,0.0005292424330782808,0.0007000000000000028
2017-07-19,0.005399460786311927,-0.0010000000000000141
2017-07-20,0.0004452081115609019,-0.0020999999999999908
2017-07-21,-0.0008906812284870114,-0.002200000000000006
2017-07-24,-0.00024297991472721492,0.0007000000000000028
2017-07-25,0.0024278578362855185,0.0
2017-07-26,4.043512975826502e-05,0.0016999999999999993
2017-07-27,-0.0009299638746362859,0.005099999999999998
2017-07-28,-0.0011738500904234783,0.0017999999999999971
2017-07-31,-0.0005671040013757178,-0.00029999999999999363
2017-08-01,0.0022263662058543687,-0.0016999999999999993
2017-08-02,0.00048498109566530445,0.001899999999999995
2017-08-03,-0.0019417331649940195,0.0016000000000000014
2017-08-04,0.00182049433900211,-0.004100000000000001
2017-08-07,0.001857420782095609,-0.0009999999999999966
2017-08-08,-0.0024639687015124423,0.01030000000000001
2017-08-09,-4.03338822092536e-05,0.0014999999999999857
2017-08-10,-0.014215973179922514,0.049300010000000005
2017-08-11,0.0014758576731086492,-0.005300010000000004
2017-08-14,0.009864311373293688,-0.031799999999999995
2017-08-15,-0.00012162298790219239,-0.0029000000000000093
2017-08-16,0.0017427929430819944,-0.0029999999999999892
2017-08-17,-0.015713612160768164,0.0381
2017-08-18,-0.0015644263076453058,-0.012900000000000009
2017-08-21,0.0007824237389852939,-0.010700000000000003
2017-08-22,0.010402802030393232,-0.0184
2017-08-23,-0.0035919227679963583,0.009000000000000003
2017-08-24,-0.002333327814479702,-0.00019999999999999573
2017-08-25,0.002333327814479702,-0.00950000000000001
2017-08-28,4.097111612821891e-05,0.00040000000000000923
2017-08-29,0.0011442150166329768,0.00379999999999999
2017-08-30,0.004726295751664722,-0.004799999999999987
2017-08-31,0.005998084801753123,-0.006300000000000008
2017-09-01,0.0014132057835283263,-0.00459999999999999
2017-09-05,-0.00720797272493634,0.020999999999999998
2017-09-06,0.0034079269390536737,-0.005999999999999997
2017-09-07,-0.00012150400983390597,-0.0008000000000000007
2017-09-08,-0.00117535338916408,0.0056999999999999855
2017-09-11,0.01060933134273867,-0.013899999999999989
2017-09-12,0.0033649895453295997,-0.0015000000000000035
2017-09-13,0.00047975334297412076,-0.0008000000000000007
2017-09-14,-0.0003197894086062192,-0.0006000000000000049
2017-09-15,0.001345402107532756,-0.002699999999999996
2017-09-18,0.0021245528957223314,-0.00019999999999999573
2017-09-19,0.001000693587758228,0.00029999999999999363
2017-09-20,0.0003599285100186478,-0.0040000000000000036
2017-09-21,-0.0026829857577190808,-0.0010999999999999942
2017-09-22,0.0002004468012009042,-0.0008000000000000007
2017-09-25,-0.002046578321671433,0.00620000000000001
2017-09-26,0.0006023922079521071,-0.00040000000000000923
2017-09-27,0.0038866629518716778,-0.003000000000000007
2017-09-28,0.0011990917587967331,-0.003199999999999985
2017-09-29,0.0035089260973890646,-0.00040000000000000923
2017-10-02,0.004329257605599324,-0.0006000000000000049
2017-10-03,0.0021378443478257125,0.0006000000000000049
2017-10-04,0.0011857742571894647,0.0012000000000000099
2017-10-05,0.005907686627116604,-0.004400000000000012
2017-10-06,-0.001139587528124153,0.004600000000000009
2017-10-09,-0.0016523986997736273,0.006799999999999997
2017-10-10,0.0026347478519870293,-0.0025
2017-10-11,0.0015698023733863309,-0.0023000000000000043
2017-10-12,-0.0014912384162917292,0.0006000000000000049
2017-10-13,0.0012167197118007067,-0.003000000000000007
2017-10-16,0.0013326047156905219,0.003000000000000007
2017-10-17,0.0007049710066295845,0.0040000000000000036
2017-10-18,0.0009781213117969756,-0.002400000000000002
2017-10-19,0.0002736321382181828,-0.00019999999999999573
2017-10-20,0.00514719925835827,-0.0008000000000000007
2017-10-23,-0.0038970747215634205,0.010999999999999996
2017-10-24,0.0017555602885774846,0.0008999999999999986
2017-10-25,-0.004962409282017077,0.0007000000000000028
2017-10-26,0.0012918864714235312,0.0007000000000000028
2017-10-27,0.008142925562374614,-0.015
2017-10-30,-0.003732021667778973,0.006999999999999993
2017-10-31,0.0015566060938674298,-0.0032000000000000028
2017-11-01,0.0013213308792758838,0.00019999999999999573
2017-11-02,0.00038836532808605995,-0.002699999999999996
2017-11-03,0.003333137442777634,-0.007899999999999992
2017-11-06,0.001546434452097678,0.0025999999999999977
2017-11-07,-0.0006955843315461507,0.0049000000000000024
2017-11-08,0.001699361509022168,-0.001100000000000012
2017-11-09,-0.0036341558990731215,0.007200000000000007
2017-11-10,-0.00031004241222998274,0.007899999999999992
2017-11-13,0.0009294782182394101,0.0021000000000000085
2017-11-14,-0.0023251684014358176,0.0008999999999999986
2017-11-15,-0.0050178914583245415,0.01540000000000001
2017-11-16,0.008465128757649154,-0.01370000000000001
2017-11-17,-0.0029431629412828286,-0.003300000000000001
2017-11-20,0.0017049332059224653,-0.007799999999999994
2017-11-21,0.006521496738914223,-0.0092
2017-11-22,-0.0008848525713087696,0.0015000000000000035
2017-11-24,0.0023069553187475833,-0.0021000000000000085
2017-11-27,-0.0004993510324897699,0.001999999999999993
2017-11-28,0.010093729834964371,0.0016000000000000014
2017-11-29,-0.0006089721286572924,0.006699999999999999
2017-11-30,0.00871698998787096,0.0058000000000000005
2017-12-01,-0.0020774888799008906,0.0015000000000000035
2017-12-04,-0.0012108695913095602,0.0025
2017-12-05,-0.0036031845617285896,-0.0034999999999999966
2017-12-06,0.00019011664522228244,-0.003100000000000005
2017-12-07,0.0031480869911373333,-0.008599999999999995
2017-12-08,0.005438185257837347,-0.0058000000000000005
2017-12-11,0.0030085510028712292,-0.002400000000000002
2017-12-12,0.001763185007964907,0.0058000000000000005
2017-12-13,-0.00011224714495661203,0.0025999999999999977
2017-12-14,-0.004094818548353807,0.003100000000000005
2017-12-15,0.008293247000854542,-0.010700000000000003
2017-12-18,0.006321130349434156,0.0010999999999999942
2017-12-19,-0.0038478216720125857,0.005
2017-12-20,-0.00052414706900894,-0.0030999999999999873
2017-12-21,0.0020575233610147237,-0.0010000000000000141
2017-12-22,-0.00026163764392350686,0.0028000000000000112
2017-12-26,-0.0011968987170840606,0.0034999999999999966
2017-12-27,0.00048637453493505234,0.002200000000000006
2017-12-28,0.002055293707834416,-0.0029000000000000093
2017-12-29,-0.0037775245632438725,0.008599999999999995
2018-01-02,0.007131794778594269,-0.012699999999999996
2018-01-03,0.0063051652348189435,-0.006199999999999992
2018-01-04,0.004206006385675032,0.0007000000000000028
2018-01-05,0.0066419190957942575,0.0
2018-01-08,0.001826948980933274,0.0029999999999999892
2018-01-09,0.0022608258214775745,0.005600000000000005
2018-01-10,-0.0015308883273705831,-0.0025999999999999977
2018-01-11,0.007269433282179882,0.0006000000000000049
2018-01-12,0.006497871320486404,0.0027999999999999935
2018-01-16,-0.0034241814059088327,0.015
2018-01-17,0.009486470930219149,0.0025
2018-01-18,-0.001682116049425808,0.003100000000000005
2018-01-19,0.004539186772807291,-0.00950000000000001
2018-01-22,0.008098145533800505,-0.002400000000000002
2018-01-23,0.002120290656105084,0.0007000000000000028
2018-01-24,-0.00038833581744324164,0.00370000000000001
2018-01-25,0.0004234635246112006,0.0010999999999999942
2018-01-26,0.011511482588884903,-0.005
2018-01-29,-0.006652134847691116,0.0276
2018-01-30,-0.010309881741445537,0.009499999999999993
2018-01-31,0.000496752250647603,-0.0125
2018-02-01,-0.0011358787200750342,-0.000699999999999985
2018-02-02,-0.022010414501128395,0.03839998999999997
2018-02-05,-0.042722355748309404,0.20010001000000002
2018-02-06,0.01951069422145224,-0.07339999999999999
2018-02-07,-0.005439600414640644,-0.0225
2018-02-08,-0.03823041717223408,0.05729998999999996
2018-02-09,0.014909802782733905,-0.043999999999999984
2018-02-12,0.014577670904545315,-0.03449997999999997
2018-02-13,0.002484316569504763,-0.006400020000000026
2018-02-14,0.013406061611904718,-0.05709998999999996
2018-02-15,0.012679310183359327,-0.0013000100000000359
2018-02-16,0.00029289898109219337,0.0033000000000000186
2018-02-20,-0.006280922422634561,0.011400010000000016
2018-02-21,-0.004986481159924061,-0.005800000000000019
2018-02-22,0.001295214265005562,-0.013000010000000017
2018-02-23,0.015813601040949088,-0.022299989999999995
2018-02-26,0.011545406788873613,-0.006899999999999977
2018-02-27,-0.012565181051120256,0.02789999999999999
2018-02-28,-0.010181638457652298,0.012600000000000016
2018-03-01,-0.014647653743299571,0.026199989999999965
2018-03-02,0.005141794925346055,-0.02879998999999998
2018-03-05,0.011491636365549951,-0.008599999999999995
2018-03-06,0.0025318501269460114,-0.00369999
2018-03-07,-0.0003664466775195052,-0.006000009999999989
2018-03-08,0.004827340177218531,-0.012199990000000015
2018-03-09,0.017252631842329613,-0.019000009999999998
2018-03-12,-0.0012557371909718285,0.011399999999999988
2018-03-13,-0.006483713178321082,0.005700000000000021
2018-03-14,-0.005144843825363843,0.00879999999999999
2018-03-15,-0.0010904116107086637,-0.0064000000000000055
2018-03-16,0.0010839711579855305,-0.007899999999999992
2018-03-19,-0.013622869645124602,0.032199999999999986
2018-03-20,0.001699340725103582,-0.008199989999999992
2018-03-21,-0.0019210522226602578,-0.0033999999999999985
2018-03-22,-0.025314941833957327,0.05479998999999999
2018-03-23,-0.02154505320379929,0.015300010000000022
2018-03-26,0.026991591981975205,-0.0384
2018-03-27,-0.017158200928710343,0.014699989999999979
2018-03-28,-0.002959308083696044,0.00370001000000002
2018-03-29,0.012696828681710848,-0.029000020000000043
2018-04-02,-0.02182102440053235,0.03650002000000004
2018-04-03,0.012735677572363713,-0.025200010000000005
2018-04-04,0.010642151081273532,-0.010400010000000038
2018-04-05,0.00786098336036467,-0.011199979999999953
2018-04-06,-0.022537946927333685,0.025499989999999962
2018-04-09,0.004916335066353028,0.0028000000000000112
2018-04-10,0.01577532193868514,-0.013000010000000017
2018-04-11,-0.00525604813805991,-0.002299989999999994
2018-04-12,0.008193453204920154,-0.0175
2018-04-13,-0.0029374050668602436,-0.010799999999999983
2018-04-16,0.00818809499929074,-0.008500010000000025
2018-04-17,0.010641581852703474,-0.013099989999999976
2018-04-18,0.0007400363289038481,0.0034999999999999966
2018-04-19,-0.005562992169198644,0.003600000000000012
2018-04-20,-0.008515569130021383,0.00919998999999997
2018-04-23,-0.00014999140712657066,-0.005399989999999981
2018-04-24,-0.013558815859039619,0.016799999999999995
2018-04-25,0.0024685197808738124,-0.0017999999999999971
2018-04-26,0.010114505908503268,-0.016000000000000014
2018-04-27,0.0009382564385589376,-0.008299999999999983
2018-04-30,-0.0077202709102675016,0.005199999999999995
2018-05-01,0.0017753619434275336,-0.004399999999999995
2018-05-02,-0.006740144857517727,0.004800000000000004
2018-05-03,-0.002206213935340706,-0.0007000000000000028
2018-05-04,0.012863453987671747,-0.011300000000000008
2018-05-07,0.0033775671889744174,-0.00019999999999999573
2018-05-08,0.0,-0.00039999999999999145
2018-05-09,0.009619305312317472,-0.012900000000000009
2018-05-10,0.009307131292000115,-0.001899999999999995
2018-05-11,0.0030465581486360804,-0.0058000000000000005
2018-05-14,0.0004764330436550779,0.0027999999999999935
2018-05-15,-0.006910818372133143,0.01700000000000001
2018-05-16,0.0041961572762323485,-0.012100000000000008
2018-05-17,-0.000844996148844146,9.999999999999786e-05
2018-05-18,-0.002503097796693332,-9.999999999999786e-05
2018-05-21,0.007490352189182481,-0.0033999999999999985
2018-05-22,-0.0027840642295391405,0.0014000000000000056
2018-05-23,0.002747467866466735,-0.0064000000000000055
2018-05-24,-0.002050554605327548,-0.0005000000000000071
2018-05-25,-0.0023855547103499575,0.006900000000000013
2018-05-29,-0.01156776075041499,0.03799999999999999
2018-05-30,0.01325640219962576,-0.0208
2018-05-31,-0.0061447423084146635,0.0049000000000000024
2018-06-01,0.009769942011633503,-0.01969999999999999
2018-06-04,0.0047401218148008795,-0.007200000000000007
2018-06-05,0.0007272508408657785,-0.0033999999999999985
2018-06-06,0.008325868222520683,-0.007599999999999998
2018-06-07,-0.00010808819359553468,0.0049000000000000024
2018-06-08,0.002952034654474467,0.0004999999999999894
2018-06-11,0.0013290542311352738,0.0016999999999999993
2018-06-12,0.0012915324907538661,-9.999999999999786e-05
2018-06-13,-0.003196036019858184,0.005999999999999997
2018-06-14,0.0025146415920245246,-0.008200000000000002
2018-06-15,-0.0012766155213475017,-0.0013999999999999878
2018-06-18,-0.0020588415029676455,0.003300000000000001
2018-06-19,-0.003840299240916778,0.01039999999999999
2018-06-20,0.0017045847480394727,-0.005600000000000005
2018-06-21,-0.006288579392758287,0.018500000000000013
2018-06-22,0.0018216193858275886,-0.00870000000000001
2018-06-25,-0.013706403114474242,0.035599999999999986
2018-06-26,0.002211621678736897,-0.014099999999999984
2018-06-27,-0.00831878555431853,0.0199
2018-06-28,0.005701224188148224,-0.010599999999999988
2018-06-29,0.0014386541684672238,-0.007600000000000016
2018-07-02,0.0021357369968155737,-0.0049000000000000024
2018-07-03,-0.003537514315068435,0.005399989999999999
2018-07-05,0.008124851096737551,-0.011699989999999988
2018-07-06,0.008422618611305666,-0.016000000000000014
2018-07-09,0.008964157717849197,-0.006799999999999997
2018-07-10,0.003591852649724281,-0.0004999999999999894
2018-07-11,-0.007341202015044956,0.009900000000000003
2018-07-12,0.009025027745215297,-0.010500000000000008
2018-07-13,0.0007871976222677546,-0.0040000000000000036
2018-07-16,-0.0008945971931018093,0.006500000000000003
2018-07-17,0.004037205476916661,-0.007699999999999996
2018-07-18,0.0021013723921683436,0.00039999999999999145
2018-07-19,-0.003778588457626242,0.007699999999999996
2018-07-20,-0.0011435197482168036,-9.999999999999786e-05
2018-07-23,0.0018575295311862305,-0.002400000000000002
2018-07-24,0.005019430140601244,-0.0020999999999999908
2018-07-25,0.008486393831939942,-0.0012000000000000099
2018-07-26,-0.0023618859393312874,-0.0014999999999999857
2018-07-27,-0.0067993282687170975,0.008899999999999988
2018-07-30,-0.005237146639308854,0.012300000000000004
2018-07-31,0.004917153271434493,-0.014299999999999997
2018-08-01,-0.0016719734598300562,0.0032000000000000028
2018-08-02,0.005432950760932975,-0.009600000000000008
2018-08-03,0.004275543188771103,-0.005499999999999989
2018-08-06,0.003660409502270312,-0.00370000000000001
2018-08-07,0.003296964950692427,-0.0033999999999999985
2018-08-08,-0.0004203152599684401,-0.0008000000000000007
2018-08-09,-0.0013670350806638254,0.004199999999999999
2018-08-10,-0.006722641487299619,0.018900000000000007
2018-08-13,-0.003750512682858975,0.016199999999999992
2018-08-14,0.006360366130190975,-0.014699999999999989
2018-08-15,-0.007495372075467799,0.013300000000000001
2018-08-16,0.00805890859109315,-0.011900000000000013
2018-08-17,0.003514204204448923,-0.008099999999999987
2018-08-20,0.0021376260858998464,-0.0015000000000000035
2018-08-21,0.0023425382428960972,0.0036999999999999924
2018-08-22,-0.0005938465041479546,-0.006099999999999994
2018-08-23,-0.001328681925013342,0.0016000000000000014
2018-08-24,0.006000232213060563,-0.004199999999999999
2018-08-27,0.007864453090231649,0.0016999999999999993
2018-08-28,0.00048297371015060264,0.0033999999999999985
2018-08-29,0.005366339040923762,-0.0025
2018-08-30,-0.004056572094929045,0.012799999999999994
2018-08-31,3.4519132478649794e-05,-0.006699999999999999
2018-09-04,-0.0017238374258194966,0.003000000000000007
2018-09-05,-0.0026950332314505943,0.0075
2018-09-06,-0.003014508720858622,0.007400000000000002
2018-09-07,-0.0019453262170934238,0.0023000000000000043
2018-09-10,0.001736967097979658,-0.007200000000000007
2018-09-11,0.0032919985163273324,-0.009399999999999995
2018-09-12,0.0002422307691087866,-0.0008000000000000007
2018-09-13,0.005897084207747483,-0.007700000000000013
2018-09-14,0.0001718489507025467,-0.0029999999999999892
2018-09-17,-0.005308376906546286,0.016099999999999993
2018-09-18,0.005411623535524157,-0.008900000000000005
2018-09-19,0.0010649905738544518,-0.01039999999999999
2018-09-20,0.008071175474035464,0.0005000000000000071
2018-09-21,-0.0009140767091855295,-0.0012000000000000099
2018-09-24,-0.003327515498258826,0.005199999999999995
2018-09-25,-0.0009282038339133436,0.002200000000000006
2018-09-26,-0.0029966777402021805,0.004700000000000006
2018-09-27,0.002790257796219997,-0.004800000000000004
2018-09-28,0.00010327065530280066,-0.0029000000000000093
2018-10-01,0.0034681597694126154,-0.001199999999999992
2018-10-02,-0.0005829831242465389,0.0005000000000000071
2018-10-03,0.0005486799349796456,-0.004400000000000012
2018-10-04,-0.00784648927509135,0.026100000000000012
2018-10-05,-0.005612741514548603,0.005999999999999997
2018-10-08,0.0,0.008699999999999992
2018-10-09,-0.0014603475578098823,0.0025999999999999977
2018-10-10,-0.03217524265635152,0.07009999
2018-10-11,-0.02227272404374947,0.020200010000000004
2018-10-12,0.013792827525321627,-0.036700010000000026
2018-10-15,-0.005632848126395196,-9.999999999998011e-05
2018-10-16,0.02163019911658015,-0.036799979999999975
2018-10-17,0.00017842376909005253,-0.0022000100000000343
2018-10-18,-0.014546483589014336,0.02659998999999999
2018-10-19,-0.0005427657452745649,-0.0016999999999999815
2018-10-22,-0.004498854556279852,-0.0025
2018-10-23,-0.0051037444126755815,0.010700000000000003
2018-10-24,-0.030767017385111117,0.045200010000000006
2018-10-25,0.01778143680537081,-0.010100010000000026
2018-10-26,-0.017743837945157104,-0.0005999899999999769
2018-10-29,-0.005555642441937181,0.005400010000000002
2018-10-30,0.014709741728758274,-0.01350000999999999
2018-10-31,0.01062423985945049,-0.02120000000000001
2018-11-01,0.010585618672625863,-0.018900000000000007
2018-11-02,-0.005940615963600848,0.001700000000000017
2018-11-05,0.0055018131593715935,0.004499989999999982
2018-11-06,0.006307963245136605,-0.0004999899999999968
2018-11-07,0.021182888222646135,-0.035499989999999995
2018-11-08,-0.0018165700391836737,0.0035999799999999736
2018-11-09,-0.009816285259351076,0.006400020000000026
2018-11-12,-0.01886190595519288,0.030899999999999997
2018-11-13,-0.0018728719084561973,-0.004300010000000008
2018-11-14,-0.006860132526155915,0.012300000000000004
2018-11-15,0.010382482981476038,-0.012699999999999996
2018-11-16,0.0025972550967159336,-0.01840001000000001
2018-11-19,-0.017059158948892872,0.01960001000000002
2018-11-20,-0.018679601264368628,0.02379999999999999
2018-11-21,0.003401754064176643,-0.016800010000000008
2018-11-23,-0.006701072060948832,0.007200009999999999
2018-11-26,0.016015359794621986,-0.02620000000000001
2018-11-27,0.0033588431884652437,0.0012000000000000099
2018-11-28,0.022764192116492943,-0.005300000000000011
2018-11-29,-0.0021874748116488263,0.0030000100000000174
2018-11-30,0.006076850753804486,-0.007200009999999999
2018-12-03,0.013154437505020766,-0.01629998999999998
2018-12-04,-0.03293893686367433,0.04299998999999996
2018-12-06,-0.0015182819864163477,0.004500010000000039
2018-12-07,-0.023510138764918587,0.020399989999999982
2018-12-10,0.0018952468049979743,-0.0059000100000000085
2018-12-11,0.00022710799825187422,-0.00879998999999998
2018-12-12,0.005022717210995786,-0.0030000100000000174
2018-12-13,-0.00033909359219297386,-0.008099990000000012
2018-12-14,-0.01863726907055341,0.009799989999999995
2018-12-17,-0.019813393046705485,0.028900010000000018
2018-12-18,-0.0010971227647758042,0.010599999999999988
2018-12-19,-0.015089017432927676,0.0
2018-12-20,-0.016411834053201346,0.027999989999999995
2018-12-21,-0.02070239126857132,0.017300020000000024
2018-12-24,-0.026778297154584685,0.05959999
2018-12-26,0.04928991207687705,-0.056600000000000004
2018-12-27,0.0076480453723553055,-0.004500010000000003
2018-12-28,-0.0012908194099283676,-0.01619999
