date,adjusted,return,realized_vol,vix
2014-01-02,165.662872,,,14.23
2014-01-03,165.635696,-0.00016405745563563556,,13.76
2014-01-06,165.155701,-0.0029021029037492596,,13.55
2014-01-07,166.170044,0.006122954127953939,,12.92
2014-01-08,166.206268,0.00021796980612354133,,12.87
2014-01-09,166.314957,0.0006537267139616887,,12.89
2014-01-10,166.767776,0.0027189597904762053,,12.14
2014-01-13,164.548904,-0.013394467035039881,,13.28
2014-01-14,166.342148,0.010838984889573133,,12.28
2014-01-15,167.238724,0.00537547703835628,,12.28
2014-01-16,167.021378,-0.0013004605056403662,,12.53
2014-01-17,166.314957,-0.0042384941777253715,,12.44
2014-01-21,166.804001,0.0029361544252752836,,12.87
2014-01-22,166.912689,0.000651378891735277,,12.84
2014-01-23,165.54513500000002,-0.008226978669980234,,13.77
2014-01-24,162.013046,-0.02156701381512871,,18.139999
2014-01-27,161.216095,-0.004931192852637878,,17.42
2014-01-28,162.17610200000001,0.005937124203243549,,15.8
2014-01-29,160.61836200000002,-0.009651665479251115,,17.35
2014-01-30,162.32103,0.010544912262315798,,17.290001
2014-01-31,161.370056,-0.005875829006047439,,18.41
2014-02-03,157.738373,-0.022762418506603765,,21.440001000000002
2014-02-04,158.843277,0.006980243398543529,,19.110001
2014-02-05,158.64404299999998,-0.0012550676112210724,,19.950001
2014-02-06,160.73611499999998,0.013101013763780145,,17.23
2014-02-07,162.728561,0.012319559738601882,,15.29
2014-02-10,163.02740500000002,0.001834772744180313,,15.26
2014-02-11,164.811554,0.010884408732086293,,14.51
2014-02-12,164.893066,0.0004944547131957577,,14.3
2014-02-13,165.74435400000002,0.005149386183054716,,14.14
2014-02-14,166.65910300000002,0.005503861586901415,,13.57
2014-02-18,166.858337,0.0011947442610447112,,13.87
2014-02-19,165.753448,-0.006643739722454356,,15.5
2014-02-20,166.731537,0.005883524763970804,,14.79
2014-02-21,166.541351,-0.0011413230868333457,,14.68
2014-02-24,167.465149,0.005531631004799031,,14.23
2014-02-25,167.401733,-0.00037875349380200873,,13.67
2014-02-26,167.410782,5.4054132368364094e-05,,14.35
2014-02-27,168.289276,0.005233815034777045,,14.04
2014-02-28,168.71492,0.0025260470426493598,,14.0
2014-03-03,167.528534,-0.007056737665175561,,16.0
2014-03-04,169.88324,0.013957688553884573,,14.1
2014-03-05,170.03718600000002,0.000905776756852994,0.12847691668182895,13.89
2014-03-06,170.42661999999999,0.002287668544946442,0.12852524154001224,14.21
2014-03-07,170.4991,0.00042519526594819723,0.1282134737096511,14.11
2014-03-10,170.408493,-0.0005315634148015391,0.12753641665867524,14.2
2014-03-11,169.56625400000001,-0.004954725199227461,0.1282589184507014,14.8
2014-03-12,169.611542,0.00026704578426528514,0.12825913224192428,14.47
2014-03-13,167.709656,-0.011276529105807676,0.13129459417579978,16.219998999999998
2014-03-14,167.238724,-0.002811969476082865,0.12708387833884427,17.82
2014-03-17,168.75116,0.009002927097477631,0.12623238665133138,15.64
2014-03-18,169.955658,0.0071123639296146735,0.12672875972364958,14.52
2014-03-19,169.050003,-0.005343020832578205,0.12744380997375515,15.12
2014-03-20,170.03718600000002,0.005822607406245517,0.12763040537005813,14.52
2014-03-21,169.377365,-0.003887999670256548,0.12793294097223,15.0
2014-03-24,168.676895,-0.00414413356293597,0.12840525124487917,15.09
2014-03-25,169.477402,0.004734575325299417,0.1270638021455426,14.02
2014-03-26,168.258484,-0.0072182041820818554,0.11609411848996135,14.93
2014-03-27,167.90373200000002,-0.0021106008635483064,0.11542692781605977,14.62
2014-03-28,168.73152199999998,0.004918033145052014,0.1151839992179674,14.41
2014-03-31,170.114197,0.008161134090121536,0.11336287343587449,13.88
2014-04-01,171.24211100000002,0.006608450339906646,0.11180352344301006,13.1
2014-04-02,171.815216,0.003341164802750818,0.11045213423186827,13.09
2014-04-03,171.58781399999998,-0.0013244031844417137,0.09254768014696134,13.37
2014-04-04,169.55926499999998,-0.011892658819955493,0.0977120848960741,13.96
2014-04-07,167.68541000000002,-0.011112847278190507,0.10232865070620625,15.57
2014-04-08,168.37673999999998,0.004114304304766669,0.09825591982461745,14.89
2014-04-09,170.186935,0.010693481807818372,0.09719021843225784,13.82
2014-04-10,166.61201499999999,-0.02122960458083245,0.11144527649784171,15.89
2014-04-11,165.111084,-0.009049362237562697,0.11074278024493493,17.030001000000002
2014-04-14,166.41186499999998,0.00784734618935179,0.11237943754107334,16.110001
2014-04-15,167.55806,0.006864088137948698,0.11291907733068901,15.61
2014-04-16,169.31368999999998,0.010423230174807507,0.11494816206134588,14.18
2014-04-17,169.550186,0.001395817348186057,0.11495801679528385,13.36
2014-04-21,170.141434,0.003481090272767773,0.1138248873913524,13.25
2014-04-22,170.914658,0.004534300034037209,0.11348904686411775,13.19
2014-04-23,170.514404,-0.0023445818057039602,0.1136400414333507,13.27
2014-04-24,170.860107,0.0020253598733104283,0.11302033269831385,13.32
2014-04-25,169.45921299999998,-0.008232867371265051,0.11500618283248838,14.06
2014-04-28,169.995926,0.0031622054615016992,0.11521865423695292,13.97
2014-04-29,170.787308,0.004644497402698455,0.1150745405097666,13.71
2014-04-30,171.296707,0.0029782121010235585,0.11513238981625698,13.41
2014-05-01,171.31491100000002,0.00010626609875963311,0.11362269326788994,13.25
2014-05-02,171.069305,-0.0014346808681615641,0.10858807872206015,12.91
2014-05-05,171.396774,0.0019124177247666907,0.10865822258122936,13.29
2014-05-06,169.904984,-0.008741821365797264,0.11068897652617199,13.8
2014-05-07,170.905563,0.005871777640787279,0.11163958053947902,13.4
2014-05-08,170.723648,-0.0010649851437554148,0.11166449965739629,13.43
2014-05-09,170.97833300000002,0.0014906852246916458,0.11100524767752748,12.92
2014-05-12,172.64300500000002,0.009689066649218425,0.1134146022748094,12.23
2014-05-13,172.797668,0.0008954533870690895,0.10955107791381972,12.13
2014-05-14,171.978973,-0.004749141568209048,0.11003572759341028,12.17
2014-05-15,170.468948,-0.008819062370334585,0.11039488940726476,13.17
2014-05-16,171.060226,0.0034625363556415323,0.10935572052277401,12.44
2014-05-19,171.68786599999999,0.0036624023077242995,0.10879663658626722,12.42
2014-05-20,170.605392,-0.006324854979096628,0.10912223608426252,12.96
2014-05-21,172.042618,0.008388984536809474,0.11051359863350069,11.91
2014-05-22,172.46108999999998,0.0024294206193058443,0.11003459784087931,12.03
2014-05-23,173.152451,0.004000780294509454,0.10987675424204939,11.36
2014-05-27,174.21670500000002,0.006127529238236562,0.10896593487578987,11.51
2014-05-28,174.089371,-0.000731161552707249,0.1087894897782378,11.68
2014-05-29,174.98992900000002,0.005159629905701735,0.10884645625506939,11.57
2014-05-30,175.271881,0.0016099503448590013,0.10732036786152216,11.4
2014-06-02,175.472046,0.001141374126943262,0.1063045944643798,11.58
2014-06-03,175.381058,-0.0005186672199988251,0.10610887064705857,11.87
2014-06-04,175.73584,0.002020877506969221,0.10607385533981724,12.08
2014-06-05,176.882004,0.006500907745195406,0.1022937121886913,11.68
2014-06-06,177.72796599999998,0.004771234180679151,0.09803771923888062,10.73
2014-06-09,177.909943,0.001023383679170209,0.09780087041855115,11.15
2014-06-10,177.928085,0.0001019677414335618,0.09495549189901184,10.99
2014-06-11,177.30950900000002,-0.003482607897646872,0.07774199688957131,11.6
2014-06-12,176.05423000000002,-0.00710477132631393,0.07625464586851144,12.56
2014-06-13,176.590912,0.0030437533396545646,0.07469982129969648,12.18
2014-06-16,176.73641999999998,0.0008236442247611109,0.07344566990067629,12.65
2014-06-17,177.227646,0.002775571661326026,0.06989038380734704,12.06
2014-06-18,178.52844199999998,0.007312885659032986,0.07153425727616583,10.61
2014-06-19,178.728561,0.001120308457218222,0.0713107293714842,10.62
2014-06-20,179.091171,0.0020267754497558244,0.07084713391017484,10.85
2014-06-23,179.036316,-0.00030634342473057075,0.07041037475720495,10.98
2014-06-24,177.95777900000002,-0.0060423424171096585,0.07254269295458916,12.13
2014-06-25,178.76216100000002,0.004509887299070314,0.06924804945929015,11.59
2014-06-26,178.634155,-0.0007163252654986962,0.0692492067651707,11.63
2014-06-27,178.981506,0.0019425945064099892,0.06873274359048072,11.26
2014-06-30,178.89009099999998,-0.00051088157179624,0.06868299021630335,11.57
2014-07-01,180.087402,0.0066706992120435515,0.07000816926824369,11.15
2014-07-02,180.270218,0.0010146366028491727,0.0697003767150356,10.82
2014-07-03,181.15683,0.004906183880530435,0.07025947786043696,10.32
2014-07-07,180.52616899999998,-0.003487372317229287,0.06672505565712966,11.33
2014-07-08,179.365341,-0.006451010893279374,0.0685023906227169,11.98
2014-07-09,180.169693,0.004474408699482346,0.06874472748793778,11.65
2014-07-10,179.456741,-0.003964964010530814,0.06993168938222359,12.59
2014-07-11,179.703598,0.001374634179038381,0.0665785784734074,12.08
2014-07-14,180.608429,0.005022496249145192,0.06731949040476824,11.82
2014-07-15,180.270218,-0.001874375787156879,0.066154920398762,11.96
2014-07-16,180.937454,0.00369447722546834,0.06153832740887482,11.0
2014-07-17,178.880951,-0.011430907170008275,0.0688746935280987,14.54
2014-07-18,180.708939,0.010167158741511528,0.07214799474537888,12.06
2014-07-21,180.370758,-0.0018731659613795415,0.07008137688037631,12.81
2014-07-22,181.15683,0.004348621044938383,0.0682533050975812,12.24
2014-07-23,181.55899,0.002217494482564142,0.06823236803527172,11.52
2014-07-24,181.5681,5.017527060235949e-05,0.06792974739745661,11.84
2014-07-25,180.718124,-0.004692298537633199,0.06820676286717173,12.69
2014-07-28,180.79122900000002,0.0004044432067376036,0.06809930776131198,12.56
2014-07-29,180.014328,-0.004306486890882866,0.06840629225189053,13.28
2014-07-30,180.04174799999998,0.00015230960886736256,0.06837688553542921,13.33
2014-07-31,176.486221,-0.019945951993946665,0.08493115749768848,16.950001
2014-08-01,175.946991,-0.003060043165131532,0.08527920649495262,17.030001000000002
2014-08-04,177.217468,0.007194849018516969,0.08692994928429014,15.12
2014-08-05,175.499084,-0.009743787671524728,0.08878007835628214,16.870001000000002
2014-08-06,175.553925,0.00031243714789574994,0.08791717878835334,16.370001000000002
2014-08-07,174.603363,-0.005429356278582986,0.08874027529479322,16.66
2014-08-08,176.623322,0.011502436217313061,0.09344275998958407,15.77
2014-08-11,177.135208,0.0028939873605908772,0.09336094306002761,14.23
2014-08-12,176.888382,-0.0013944044801830202,0.09173240757718489,14.13
2014-08-13,178.085739,0.006746190610788183,0.09290043405682143,12.9
2014-08-14,178.926605,0.004710579726453723,0.09354627301529336,12.42
2014-08-15,178.89009099999998,-0.00020409332786819334,0.09334480545783225,13.15
2014-08-18,180.389069,0.008344412170812276,0.09385918839047713,12.32
2014-08-19,181.33049,0.00520526525153997,0.0946230881020011,12.21
2014-08-20,181.814926,0.002668001665540487,0.09470617284721915,11.78
2014-08-21,182.345032,0.002911392989783934,0.09489493884367363,11.76
2014-08-22,182.061691,-0.0015550813923912443,0.09364034399380257,11.47
2014-08-25,182.984833,0.00505767844450844,0.09379247235362279,11.7
2014-08-26,183.10368300000002,0.0006492965443118948,0.09373825612279867,11.63
2014-08-27,183.03057900000002,-0.0003993289268926503,0.09370583200273372,11.78
2014-08-28,182.929993,-0.0005497095054973755,0.09370853785999335,12.05
2014-08-29,183.451004,0.0028440959300057855,0.09263030969828032,12.09
2014-09-02,183.35955800000002,-0.0004986007022038663,0.09264683248362009,12.25
2014-09-03,183.25903300000002,-0.000548390097976359,0.0919788605406065,12.36
2014-09-04,182.993973,-0.0014474149941872128,0.0916009797175614,12.64
2014-09-05,183.816574,0.004485162085590133,0.09054081137646092,12.09
2014-09-08,183.341324,-0.002588805895297419,0.09032803981028192,12.66
2014-09-09,182.180527,-0.00635147200721331,0.09122409089070624,13.5
2014-09-10,182.866043,0.003755777274203176,0.09157287745446123,12.88
2014-09-11,183.076279,0.001149011800444022,0.09086387588797284,12.8
2014-09-12,182.00683600000002,-0.005858644319587825,0.09197346608762147,13.31
2014-09-15,181.86973600000002,-0.0007535522594048771,0.09158767491213886,14.12
2014-09-16,183.240753,0.007510183823289829,0.08860510603234062,12.73
2014-09-17,183.487579,0.0013460974554337923,0.08530785870402381,12.65
2014-09-18,184.465546,0.005315727664297221,0.08596436556477917,12.03
2014-09-19,184.299469,-0.0009007199949717659,0.08549318662962423,12.11
2014-09-22,182.876175,-0.007752699026183585,0.0876579975591426,13.69
2014-09-23,181.82931499999998,-0.005740867104361946,0.08884718269812489,14.93
2014-09-24,183.25263999999999,0.007797329842339273,0.09002276404108706,13.27
2014-09-25,180.295761,-0.01626712809383779,0.09877660497211208,15.64
2014-09-26,181.728317,0.007914188941125389,0.10007877639633567,14.85
2014-09-29,181.397705,-0.0018209220563782935,0.10020430015165045,15.98
2014-09-30,180.92025800000002,-0.002635515349041384,0.08692790971077971,16.309998999999998
2014-10-01,178.468414,-0.01364473747246464,0.09329363735372424,16.709999
2014-10-02,178.495972,0.00015440195792937317,0.0916937573283543,16.16
2014-10-03,180.46106,0.010948985288220747,0.09195014849846406,14.55
2014-10-06,180.249847,-0.001171093083355501,0.09205673971013593,15.46
2014-10-07,177.467468,-0.015556614099009991,0.09921674767653378,17.200001
2014-10-08,180.571274,0.017338256393858664,0.10414256422372652,15.11
2014-10-09,176.98998999999998,-0.020032392336171156,0.11546480145987763,18.76
2014-10-10,174.96975700000002,-0.011480035456239435,0.11879771299458523,21.24
2014-10-13,172.09552,-0.01656347034448924,0.12395762837610064,24.639999
2014-10-14,172.36178600000002,0.0015460032253411526,0.12333143580102027,22.790001
2014-10-15,171.195572,-0.006789075839737535,0.12415833774099895,25.27
2014-10-16,171.048706,-0.0008582525316320755,0.1219058803586407,25.200001
2014-10-17,173.068893,0.011741394305064823,0.125049211067248,21.99
2014-10-20,174.749344,0.009662886512080249,0.12749805556109728,18.57
2014-10-21,178.211273,0.019617146244767625,0.13682810262291928,16.08
2014-10-22,176.944031,-0.007136299887787523,0.13776088948552084,17.870001000000002
2014-10-23,179.00100700000002,0.011557957993593604,0.14032094497626554,16.530001000000002
2014-10-24,180.378433,0.0076656179606953145,0.14172700595887391,16.110001
2014-10-27,180.130493,-0.0013755001399990974,0.14174896536927423,16.040001
2014-10-28,182.196655,0.011405076367165812,0.14465604589400674,14.39
2014-10-29,181.921143,-0.0015133127470985386,0.1445054632788246,15.15
2014-10-30,183.08734099999998,0.006389999242807143,0.14540016732346459,14.52
2014-10-31,185.181076,0.011370823358889837,0.14804880242980775,14.03
2014-11-03,185.282074,0.0005452526250033785,0.14798896058870328,14.73
2014-11-04,184.639297,-0.0034752122872445668,0.14788845954852445,14.89
2014-11-05,185.80551100000002,0.006296310962113694,0.14849343593205536,14.17
2014-11-06,186.54928600000002,0.00399498540213461,0.1477983403292282,13.67
2014-11-07,186.72377,0.000934886726505546,0.14758530622402394,13.12
2014-11-10,187.311462,0.003142444525757959,0.1477201446072721,12.67
2014-11-11,187.495117,0.0009799988846967977,0.14684535903249568,12.92
2014-11-12,187.293091,-0.0010780809814976422,0.14686735303769563,13.02
2014-11-13,187.50431799999998,0.0011271530554424203,0.14587696826388977,13.79
2014-11-14,187.550232,0.0002448390519687038,0.14586486031079735,13.31
2014-11-17,187.669601,0.0006362616979638247,0.14536904120313354,13.99
2014-11-18,188.753174,0.005757228653227919,0.1459138535472591,13.86
2014-11-19,188.45015,-0.0016066882018606066,0.14452963904303834,13.96
2014-11-20,188.78071599999998,0.0017525929843360544,0.14363516432467952,13.58
2014-11-21,189.790817,0.005336393833188957,0.14303335174590773,12.9
2014-11-24,190.32341,0.002802280528835688,0.13649720193535372,12.62
2014-11-25,190.185699,-0.0007238250163013049,0.1355568383778569,12.25
2014-11-26,190.672379,0.0025557040431252176,0.13540439587206105,12.07
2014-11-28,190.268356,-0.0021211863913137563,0.13532098217728486,13.33
2014-12-01,188.945999,-0.006974221004490744,0.13176318489652608,14.16
2014-12-02,190.167328,0.006443103621848856,0.13230931285727213,12.85
2014-12-03,190.901978,0.0038557338446487677,0.13032435235780138,12.5
2014-12-04,190.690765,-0.001107007538502458,0.13031685968135776,12.38
2014-12-05,191.002975,0.0016359192562536151,0.12322688869482065,11.89
2014-12-08,189.726563,-0.006705110345956555,0.11851646747344628,14.21
2014-12-09,189.59797700000001,-0.0006779735628255068,0.10605416485785918,15.35
2014-12-10,186.558502,-0.01616104639122007,0.11015362182728798,18.530001000000002
2014-12-11,187.50431799999998,0.005057000937073397,0.10065055404485021,20.08
2014-12-12,184.473953,-0.0162935971160989,0.1102213720519139,21.08
2014-12-15,183.206741,-0.006893029947921292,0.11027038390463946,20.42
2014-12-16,181.73748799999998,-0.008051975186366356,0.11264422125277014,23.57
2014-12-17,185.30043,0.019415181621631916,0.11837856609635983,19.440001000000002
2014-12-18,189.882645,0.024427769586656822,0.12953843004911803,16.809998999999998
2014-12-19,190.690521,0.0042455815893971405,0.1219211233498875,16.49
2014-12-22,191.567703,0.004589481584041266,0.120119973282026,15.25
2014-12-23,191.826248,0.0013487173624806559,0.11764754141119307,14.8
2014-12-24,191.844696,9.616573943294071e-05,0.11672511488049403,14.37
2014-12-26,192.463348,0.0032195658875755484,0.11657984096147335,14.5
2014-12-29,192.72186299999998,0.0013422895346559827,0.11394151451566095,15.06
2014-12-30,191.687714,-0.005380466859874922,0.11492564422765136,15.92
2014-12-31,189.785645,-0.009972307203141462,0.11738580228666418,19.200001
2015-01-02,189.684052,-0.0005354472477270278,0.11441574499610335,17.790001
2015-01-05,186.258423,-0.018224723425208644,0.1233329452547346,19.92
2015-01-06,184.504105,-0.009463367842599268,0.12526446751196868,21.120001000000002
2015-01-07,186.80320700000001,0.012383981186028237,0.12800791826901142,19.309998999999998
2015-01-08,190.118027,0.01758938029415269,0.13468917317535706,17.01
2015-01-09,188.594528,-0.008045718043083738,0.13627795822113806,17.549999
2015-01-12,187.117142,-0.007864507454584668,0.13749737115834854,19.6
2015-01-13,186.590866,-0.0028165109477695793,0.13764126850259803,20.559998999999998
2015-01-14,185.464355,-0.006055630341441187,0.1383932683774862,21.48
2015-01-15,183.765396,-0.009202784910813833,0.14007193847860763,22.389999
2015-01-16,186.17533899999998,0.013028990124464457,0.14392566514314065,20.950001
2015-01-20,186.572357,0.0021302245695666855,0.14402392411267453,19.889999
2015-01-21,187.51419099999998,0.005035390847726973,0.14385302365259048,18.85
2015-01-22,190.302704,0.014761455464804563,0.1483558554796239,16.4
2015-01-23,189.259323,-0.005497829360641582,0.14896115978039276,16.66
2015-01-26,189.70251499999998,0.002338980644548627,0.14848881870167602,15.52
2015-01-27,187.200287,-0.0132780374665451,0.15180339694142242,17.219998999999998
2015-01-28,184.799545,-0.012907400078634446,0.15486869951020993,20.440001000000002
2015-01-29,186.507751,0.009201101458639727,0.15656926594307097,18.76
2015-01-30,184.162384,-0.012654908387209396,0.15933070307293232,20.969998999999998
2015-02-02,186.44311499999998,0.012308288998224448,0.1617038055409846,19.43
2015-02-03,189.139313,0.014357670197679973,0.1648687681555438,17.33
2015-02-04,188.419083,-0.0038152025289619473,0.16479993524948633,18.33
2015-02-05,190.321167,0.010044350932247426,0.1667216684555442,16.85
2015-02-06,189.794861,-0.002769187814027241,0.16679765347657582,17.290001
2015-02-09,188.94534299999998,-0.004486027180110597,0.16634968907281905,18.549999
2015-02-10,190.958282,0.010597202581768883,0.1683883737420856,17.23
2015-02-11,191.06909199999998,0.0005801155134372848,0.1633259654455079,16.959999
2015-02-12,192.906555,0.00957079981678266,0.16445866317642044,15.34
2015-02-13,193.700638,0.0041079634889404915,0.15902238302551386,14.69
2015-02-17,194.00531,0.0015716656620137215,0.1577335226658749,15.8
2015-02-18,194.023819,9.540005443309241e-05,0.1559972616825569,15.45
2015-02-19,193.885315,-0.0007141054115304968,0.14949091341085557,15.29
2015-02-20,195.048721,0.005982554172495824,0.13818321674562686,14.3
2015-02-23,195.021072,-0.00014176437418367271,0.13789702595595452,14.56
2015-02-24,195.575027,0.0028364613616087553,0.13764682937756453,13.69
2015-02-25,195.408829,-0.0008501528002220482,0.1376681796898418,13.84
2015-02-26,195.177979,-0.0011820677101841426,0.13772342782472285,13.91
2015-02-27,194.513199,-0.0034118331766288534,0.13784983503032033,13.34
2015-03-02,195.74125700000002,0.006293647822499082,0.138621855411209,13.04
2015-03-03,194.937943,-0.004112402872369358,0.13833302884322743,13.86
2015-03-04,194.11618,-0.004224421094644271,0.13638679361494485,14.23
2015-03-05,194.328537,0.0010933706232139073,0.13636641455368706,14.04
2015-03-06,191.59541299999998,-0.014164291668115503,0.1332528114140293,15.2
2015-03-09,192.38945,0.0041357782992133,0.131040055709997,15.06
2015-03-10,189.26853899999998,-0.016354855158716042,0.13455131138140822,16.690001000000002
2015-03-11,188.825348,-0.0023443447155209185,0.127493475019222,16.870001000000002
2015-03-12,191.22605900000002,0.01263377999730153,0.12967827859461253,15.42
2015-03-13,190.053421,-0.006151087371988773,0.12907933712682235,16.0
2015-03-16,192.592621,0.013271990265751654,0.13260532659231308,15.61
2015-03-17,192.020157,-0.0029768351728707287,0.13184586853624458,15.66
2015-03-18,194.328537,0.01194986552494548,0.13213608594784543,13.97
2015-03-19,193.442123,-0.004571854631674199,0.12956707690921268,14.07
2015-03-20,195.149399,0.008787052154006325,0.13097031547572122,13.02
2015-03-23,194.769135,-0.0019504798433374049,0.13078808201217074,13.41
2015-03-24,193.674713,-0.005634919443327391,0.12699260998683018,13.62
2015-03-25,190.83667,-0.014762083329334708,0.131589562014917,15.44
2015-03-26,190.382202,-0.0023842902263142562,0.13162574678549124,15.8
2015-03-27,190.81811499999998,0.0022870557581828876,0.12736600842704998,15.07
2015-03-30,193.146057,0.012125977862597281,0.12597584017844193,14.51
2015-03-31,191.458054,-0.008777929254423888,0.12652391442442326,15.29
2015-04-01,190.780991,-0.0035426192952288105,0.12255246189591394,15.11
2015-04-02,191.467346,0.0035911509413502074,0.11935745190697845,14.67
2015-04-06,192.756531,0.006710618028146875,0.1153556236990164,14.74
2015-04-07,192.246399,-0.0026500177468129493,0.11512584106909517,14.78
2015-04-08,192.89563,0.0033713880390022766,0.11285601556363326,13.98
2015-04-09,193.748932,0.004413890530113207,0.11301900126559423,13.09
2015-04-10,194.806244,0.005442288122627481,0.1129482474405443,12.58
2015-04-13,193.92514,-0.004533235777571143,0.11088350992975021,13.94
2015-04-14,194.296143,0.0019112971348418384,0.11094715482587426,13.67
2015-04-15,195.167969,0.004477061836421825,0.10904418892522307,12.84
2015-04-16,195.11228899999998,-0.0002853334199537372,0.1086258501486709,12.6
2015-04-17,192.86781299999998,-0.011570186343200284,0.11229360911503848,13.89
2015-04-20,194.630005,0.009095298430888299,0.11455080939592895,13.3
2015-04-21,194.398132,-0.001192063017580125,0.11457700733958669,13.25
2015-04-22,195.35347,0.004902301406151999,0.11426409707083941,12.71
2015-04-23,195.845032,0.0025131091054841903,0.11442348680036978,12.48
2015-04-24,196.299484,0.002317779211002957,0.11435428848543822,12.29
2015-04-27,195.483307,-0.004166483058757997,0.11480913825053633,13.12
2015-04-28,196.104706,0.003173741284023812,0.11502694262273853,12.41
2015-04-29,195.297806,-0.004123127054022291,0.11517400480557369,13.39
2015-04-30,193.34083600000002,-0.010070982804617046,0.11672650211459376,14.55
2015-05-01,195.43692,0.0107830464970462,0.11940316137834589,12.7
2015-05-04,195.993423,0.002843435032064079,0.11909880015239019,12.85
2015-05-05,193.748932,-0.011517946584850058,0.12249415701900582,14.31
2015-05-06,192.951294,-0.004125361598437571,0.11777234819882082,15.15
2015-05-07,193.721054,0.003981464000919033,0.1177409956926586,15.13
2015-05-08,196.271622,0.013080268027108488,0.11438658847457872,12.86
2015-05-11,195.3349,-0.004784005035234351,0.11496196477294673,13.85
2015-05-12,194.750595,-0.0029957814093908297,0.11139873297191279,13.86
2015-05-13,194.787689,0.00019045111423299232,0.11017061868965944,13.76
2015-05-14,196.81883200000001,0.010373480037570104,0.10833263446111062,12.74
2015-05-15,197.032166,0.001083323500242983,0.1079837940949364,12.38
2015-05-18,197.644302,0.003101965992261313,0.10438973876839304,12.73
2015-05-19,197.579391,-0.0003284772736726893,0.10366177339359775,12.85
2015-05-20,197.44026200000002,-0.000704415614242393,0.10158663585281488,12.88
2015-05-21,198.015305,0.002908257985442475,0.10162871612444868,12.11
2015-05-22,197.542282,-0.0023916781830264355,0.10075298261137784,12.13
2015-05-26,195.418396,-0.010809766983798319,0.09749259632965956,14.06
2015-05-27,197.273315,0.009447272474195856,0.09957805707986148,13.27
2015-05-28,197.050705,-0.0011290715876182134,0.0996258938630348,13.31
2015-05-29,195.82646200000002,-0.006232212331707565,0.09686932178089232,13.84
2015-06-01,196.225296,0.0020345994091126585,0.0942061361698842,13.97
2015-06-02,196.030502,-0.00099319891257732,0.09372522902509492,14.24
2015-06-03,196.549927,0.0026462108894547143,0.09357119726451707,13.66
2015-06-04,194.889725,-0.008482594680485178,0.0948881593785522,14.71
2015-06-05,194.555832,-0.0017147099295842239,0.09473927534647143,14.21
2015-06-08,193.303741,-0.006456436487170869,0.09582325910066947,15.29
2015-06-09,193.331573,0.00014397029469570555,0.09519691100930872,14.47
2015-06-10,195.659515,0.011969270577983693,0.0987868292490991,13.22
2015-06-11,196.299484,0.0032654924128392437,0.09838289267997606,12.85
2015-06-12,194.704224,-0.00815986559123516,0.1004341209113576,13.78
2015-06-15,193.934418,-0.003961556693445445,0.10027480284520301,15.39
2015-06-16,195.001022,0.005484749211022155,0.10121891355029371,14.81
2015-06-17,195.316299,0.0016154910459009741,0.09703227073407875,14.5
2015-06-18,197.282562,0.01001673532815861,0.09757036164999772,13.19
2015-06-19,196.471832,-0.0041179535162987335,0.09811120075630782,13.96
2015-06-22,197.478378,0.005110027433542719,0.09817300839713235,12.74
2015-06-23,197.627457,0.0007546282229649037,0.09801906274002954,12.11
2015-06-24,196.192215,-0.007288860644970363,0.09956518563568358,13.26
2015-06-25,195.558472,-0.0032354432238177466,0.09935235702562503,14.01
2015-06-26,195.623718,0.0003335836971771755,0.09903940659076528,14.02
2015-06-29,191.495026,-0.02133117352527769,0.111558570556033,18.85
2015-06-30,191.886459,0.0020420033378281133,0.1090678418496296,18.23
2015-07-01,193.452179,0.008126507244701209,0.1076110371119673,16.09
2015-07-02,193.219238,-0.001204852585105165,0.10735395292486596,16.790001
2015-07-06,192.613419,-0.003140322556280495,0.10389790719191112,17.01
2015-07-07,193.86227399999999,0.0064628092760026234,0.10463604653369787,16.09
2015-07-08,190.61895800000002,-0.016871527988529422,0.11209785124049504,19.66
2015-07-09,190.870605,0.001319286611779269,0.10700101911691537,19.969998999999998
2015-07-10,193.368332,0.01300108834161584,0.11156350307990183,16.83
2015-07-13,195.49321,0.010928821289422963,0.11462212342992155,13.9
2015-07-14,196.387939,0.0045663362832364385,0.11514552369829403,13.37
2015-07-15,196.304092,-0.00042703693813539445,0.11228091137989095,13.23
2015-07-16,197.832535,0.007755943280582045,0.11387765108624093,12.11
2015-07-17,198.018936,0.0009417724951541473,0.11364994382069436,11.95
2015-07-20,198.15872199999998,0.0007056733411294758,0.11365728129100405,12.25
2015-07-21,197.357208,-0.0040530104423277535,0.1140926011840768,12.22
2015-07-22,196.919159,-0.0022220412730833417,0.11397806805988187,12.12
2015-07-23,195.847366,-0.005457673157788001,0.11459738796795578,12.64
2015-07-24,193.79701200000002,-0.01052432957208449,0.11443706063482467,13.74
2015-07-27,192.678665,-0.005787428229391267,0.11261450258224563,15.6
2015-07-28,195.073837,0.012354285023731926,0.11695594317385419,13.44
2015-07-29,196.43457,0.006951260585402963,0.11726222028484369,12.5
2015-07-30,196.481171,0.00023720607425925522,0.11716010023881528,12.13
2015-07-31,196.13630700000002,-0.001756743436122754,0.11721604192829185,12.12
2015-08-03,195.46528600000002,-0.0034270629575727796,0.11732139552886221,12.56
2015-08-04,195.083145,-0.001956946138416349,0.11554189257235518,13.0
2015-08-05,195.810104,0.003719480139165121,0.11580582800080477,12.51
2015-08-06,194.179138,-0.00836420769020485,0.11656684549224092,13.77
2015-08-07,193.778381,-0.0020659846654274006,0.11668823548761446,13.39
2015-08-10,196.304092,0.012949806622994053,0.11732655773118465,12.23
2015-08-11,194.46803300000002,-0.009397151914575907,0.11929570942679334,13.71
2015-08-12,194.710342,0.0012452337893158472,0.11766312407708374,13.61
2015-08-13,194.505325,-0.0010534880085453224,0.11727620222870393,13.49
2015-08-14,195.120453,0.003157534977422216,0.11675315525214444,12.83
2015-08-17,196.238831,0.005715367387865378,0.11752802542992782,13.02
2015-08-18,195.65168799999998,-0.0029964666704298537,0.1150847336893096,13.79
2015-08-19,194.113907,-0.007890840027574342,0.11623993976199233,15.25
2015-08-20,190.134308,-0.020714429597001427,0.1256968256875381,19.139999
2015-08-21,184.18826299999998,-0.03177230363889816,0.1465782081764134,28.030001000000002
2015-08-24,176.657837,-0.04174366562337717,0.17602533553736313,40.740002000000004
2015-08-25,174.495621,-0.01231509061203706,0.17765686722323792,36.02
2015-08-26,181.438873,0.039019162328608914,0.20491550440297046,30.32
2015-08-27,185.614197,0.022751500783255274,0.20751390574630563,26.1
2015-08-28,185.688721,0.0004014188813927788,0.20741748107789398,26.049999
2015-08-31,184.104355,-0.008568985183804223,0.2070415226261137,28.43
2015-09-01,178.72683700000002,-0.029644153620482783,0.21846719015685231,31.4
2015-09-02,182.119263,0.01880317371534801,0.22421122225742346,26.09
2015-09-03,182.34291100000002,0.0012272770346353212,0.22345771682536653,25.610001
2015-09-04,179.491058,-0.015763650179208,0.22300405690393124,27.799999
2015-09-08,184.029846,0.024972560445189806,0.23213722792591074,24.9
2015-09-09,181.513458,-0.013768151260316053,0.23156656932487776,26.23
2015-09-10,182.529327,0.005581056286402486,0.23016776284105725,24.370001000000002
2015-09-11,183.35881,0.004534087537463094,0.23016243710941886,23.200001
2015-09-14,182.650467,-0.0038706334995675107,0.23020596518594064,24.25
2015-09-15,184.952469,0.012524557702641381,0.23170344619573105,22.540001
2015-09-16,186.52754199999998,0.008480038721395466,0.23294472221257506,21.35
2015-09-17,186.117477,-0.0022008353505906797,0.23289023237623793,21.139999
2015-09-18,183.019775,-0.016783864001459925,0.23581984446196624,22.280001000000002
2015-09-21,184.03153999999998,0.005512948850289412,0.23649407016891275,20.139999
2015-09-22,181.651978,-0.013014508282608972,0.237969238358466,22.440001000000002
2015-09-23,181.370926,-0.0015483984787518779,0.2369582178198657,22.129998999999998
2015-09-24,180.743256,-0.003466700062091377,0.23677292731848523,23.469998999999998
2015-09-25,180.687057,-0.000310981112715325,0.23422935344623233,23.620001000000002
2015-09-28,176.040375,-0.026053195888454894,0.24049715241110078,27.629998999999998
2015-09-29,176.1996,0.0009040712136387796,0.24055121688429132,26.83
2015-09-30,179.487885,0.018490269262421144,0.24603440581092964,24.5
2015-10-01,179.99382,0.002814804353110212,0.24630425707111742,22.549999
2015-10-02,182.682526,0.014827298711574954,0.24971458009688682,20.940001000000002
2015-10-05,185.93331899999998,0.017638293757664236,0.2538182896331534,19.540001
2015-10-06,185.296234,-0.003432300151175127,0.2532534019693645,19.4
2015-10-07,186.81395,0.008157392521737528,0.25425354155947305,18.4
2015-10-08,188.500275,0.008986263965667263,0.25311205626472816,17.42
2015-10-09,188.612671,0.0005960866871328463,0.252248228646203,17.08
2015-10-12,188.79068,0.0009433356260819536,0.25223479755676137,16.17
2015-10-13,187.600876,-0.006322182015341404,0.2526055598156475,17.67
2015-10-14,186.701492,-0.004805664124969411,0.2525801220599174,18.030001000000002
2015-10-15,189.568207,0.015237849215283816,0.25521115459719074,16.049999
2015-10-16,190.430115,0.0045363857058564605,0.25548380487138067,15.05
2015-10-19,190.523788,0.0004917812950608891,0.2548467015016993,14.98
2015-10-20,190.280212,-0.0012792724510166664,0.24974085487294642,15.75
2015-10-21,189.099808,-0.006222825382936392,0.23728176106438018,16.700001
2015-10-22,192.247574,0.016509028992341968,0.21522621394134542,14.45
2015-10-23,194.411652,0.011193839181279586,0.21330151942657175,14.46
2015-10-26,193.915146,-0.0025571568746407536,0.19298227729287867,15.29
2015-10-27,193.52166699999998,-0.002031191265671417,0.1856837931076698,15.43
2015-10-28,195.741974,0.011407852391792872,0.18741728301230798,14.33
2015-10-29,195.695099,-0.00023950209858636384,0.1858375289648813,14.61
2015-10-30,194.795761,-0.004606200463233456,0.16948620626778102,15.07
2015-11-02,197.100357,0.011761395228974791,0.16605085229150757,14.15
2015-11-03,197.671844,0.002895276809085523,0.16606068401477944,14.54
2015-11-04,197.091003,-0.00294273599237016,0.16054626877660585,15.51
2015-11-05,196.875519,-0.0010939204701694294,0.15021194607678987,15.05
2015-11-06,196.77246100000002,-0.0005236048835026708,0.14530303374899828,14.33
2015-11-09,194.936295,-0.009375228002898695,0.14758848559768029,16.52
2015-11-10,195.385956,0.002304051064331958,0.14741379965474938,15.29
2015-11-11,194.617783,-0.003939316045321384,0.1474293108989702,16.059998999999998
2015-11-12,191.900955,-0.01405816834795015,0.14958718443738953,18.370001000000002
2015-11-13,189.746262,-0.011291663074601388,0.1512422504409679,20.08
2015-11-16,192.631683,0.015092270915803674,0.1552870964669013,18.16
2015-11-17,192.49115,-0.000729808747732541,0.14895160433013122,18.84
2015-11-18,195.545242,0.015741590887432544,0.15282821329894908,16.85
2015-11-19,195.376602,-0.0008627812083128461,0.14860197189917826,16.99
2015-11-20,196.088608,0.003637650380910351,0.14844072761491495,15.47
2015-11-23,195.863754,-0.0011473538443276254,0.14803757157439326,15.62
2015-11-24,196.126068,0.0013383716843327065,0.14794037884083658,15.93
2015-11-25,196.097946,-0.0001433976454494612,0.13036305744137675,15.19
2015-11-27,196.322784,0.0011459028915350444,0.13034541803443858,15.12
2015-11-30,195.507767,-0.004160054254644052,0.12504704152555596,16.129998999999998
2015-12-01,197.37204,0.00949036809340953,0.12636490394939418,14.67
2015-12-02,195.357834,-0.010257552552570104,0.1258893503028532,15.91
2015-12-03,192.622314,-0.014101573726367889,0.12503570174246795,18.110001
2015-12-04,196.379028,0.019315258790385315,0.1324520943148179,14.81
2015-12-07,195.189224,-0.006077140604249465,0.132566668500866,15.84
2015-12-08,193.87767,-0.006742074375083895,0.13237317887641903,17.6
2015-12-09,192.36935400000002,-0.007810150361547308,0.133993490730801,19.610001
2015-12-10,192.86586,0.0025776785551920867,0.13408877770937455,19.34
2015-12-11,189.12791399999998,-0.019571341566776645,0.1419349693343092,24.389999
2015-12-14,190.083466,0.005039690646748696,0.14185257001042484,22.73
2015-12-15,192.078934,0.010443131691024732,0.13923779120122368,20.950001
2015-12-16,194.88945,0.014526072598505024,0.1431940079006805,17.860001
2015-12-17,191.91966200000002,-0.015355617345765182,0.14840122806365202,18.940001000000002
2015-12-18,188.50024399999998,-0.017977556062472644,0.1549005775109968,20.700001
2015-12-21,190.055161,0.008215049761179927,0.1554998047542655,18.700001
2015-12-22,191.779755,0.009033253141128128,0.1516885067757667,16.6
2015-12-23,194.154648,0.012307391924251121,0.1522197903814543,15.57
2015-12-24,193.83421299999998,-0.0016517746000710432,0.1521435945036439,15.74
2015-12-28,193.391281,-0.0022877222705801614,0.1521658375693374,16.91
2015-12-29,195.4552,0.01061569788209571,0.15181226768894052,16.08
2015-12-30,194.069839,-0.007113108028848458,0.15279964189373818,17.290001
2015-12-31,192.12846399999998,-0.010053857501437058,0.1543403883548071,18.209999
2016-01-04,189.44262700000002,-0.01407801283766208,0.15487703642602638,20.700001
2016-01-05,189.763031,0.001689869702561353,0.1547214682049278,19.34
2016-01-06,187.369339,-0.01269434466461572,0.15730706087264543,20.59
2016-01-07,182.87403899999998,-0.02428413945402763,0.16715484191074872,24.99
2016-01-08,180.866699,-0.011037314045314162,0.16865534382103547,27.01
2016-01-11,181.045776,0.0009896150422266103,0.16778077124199284,24.299999
2016-01-12,182.5065,0.008035883458829218,0.16921544520799406,22.469998999999998
2016-01-13,177.954697,-0.025256782164002622,0.1787940283600336,25.219998999999998
2016-01-14,180.87614399999998,0.01628350307894877,0.18177585937076268,23.950001
2016-01-15,176.99340800000002,-0.021700020799157116,0.18696778858139437,27.02
2016-01-19,177.229004,0.001330215292758119,0.18237290685049015,26.049999
2016-01-20,174.957825,-0.012897759356851779,0.18428402090890592,27.59
2016-01-21,175.937912,0.0055862151935954785,0.1798065336947103,26.690001000000002
2016-01-22,179.547348,0.02030779023208673,0.18828095063240957,22.34
2016-01-25,176.83320600000002,-0.015232000993760764,0.1904617828135357,24.15
2016-01-26,179.245758,0.013550864617467795,0.19444602547706508,22.5
2016-01-27,177.294998,-0.010942813315480748,0.19543151371037806,23.110001
2016-01-28,178.218582,0.0051957850823551865,0.19624690576759543,22.42
2016-01-29,182.563065,0.0240848892790968,0.2064824970293065,20.200001
2016-02-01,182.49705500000002,-0.000361639067665287,0.20641736479289624,19.98
2016-02-02,179.208099,-0.01818634107398953,0.20836856197516626,21.98
2016-02-03,180.28243999999998,0.005977037400690222,0.20835185375926582,21.65
2016-02-04,180.56517,0.0015670330079542438,0.20624190016924496,21.84
2016-02-05,177.125351,-0.019234085580440485,0.2038865029914552,23.379998999999998
2016-02-08,174.741058,-0.013552470098783687,0.2055180331279194,26.0
2016-02-09,174.750473,5.387827267444578e-05,0.20535737956954297,26.540001
2016-02-10,174.59968600000002,-0.0008632428265977765,0.20495229489285047,26.290001
2016-02-11,172.328537,-0.013093091276010327,0.20624691924537616,28.139999
2016-02-12,175.881378,0.02040702543780082,0.20934823307302822,25.4
2016-02-16,178.84996,0.016737462884557353,0.21359076058769705,24.110001
2016-02-17,181.771439,0.016202826137671877,0.2160142198556184,22.309998999999998
2016-02-18,181.026901,-0.004104423659850198,0.21240813082592955,21.639999
2016-02-19,180.942093,-0.0004685926306260413,0.20966248306261334,20.530001000000002
2016-02-22,183.561981,0.014375329678876447,0.2089176887922688,19.379998999999998
2016-02-23,181.24366799999999,-0.012710023627846567,0.20975712151205575,20.98
2016-02-24,182.07299799999998,0.004565336622504468,0.2087094029952708,20.719998999999998
2016-02-25,184.278214,0.01203895367273411,0.20860334182224904,19.110001
2016-02-26,183.85411100000002,-0.0023040801300053815,0.20861731610793105,19.809998999999998
2016-02-29,182.412262,-0.007873266859490968,0.20923440497713422,20.549999
2016-03-01,186.700195,0.02323479374561277,0.21586357869081588,17.700001
2016-03-02,187.538971,0.004482574143471751,0.21574396260896614,17.09
2016-03-03,188.274017,0.003911769740658322,0.21477805883232307,16.700001
2016-03-04,188.886597,0.003248380217455882,0.21221489773787366,16.860001
2016-03-07,189.03733799999998,0.0007977319986043341,0.21218067385523914,17.35
2016-03-08,186.97349499999999,-0.010977682262771182,0.21159481108210954,18.67
2016-03-09,187.897064,0.0049274121238216395,0.20295364689220574,18.34
2016-03-10,188.047821,0.0008020165407005564,0.20082571450002001,18.049999
2016-03-11,191.082382,0.01600835692147573,0.20419572585120033,16.5
2016-03-14,190.837387,-0.0012829659708195607,0.20357691463057453,16.92
2016-03-15,190.526367,-0.0016310940182053812,0.19274023011274027,16.84
2016-03-16,191.628967,0.005770444431542288,0.1895194075377648,14.99
2016-03-17,192.844727,0.006324302916844715,0.18077772291160288,14.44
2016-03-18,193.602158,0.003919979688309816,0.18082632522346478,14.02
2016-03-21,193.876831,0.0014177442070684165,0.17688367788627976,13.79
2016-03-22,193.772629,-0.0005376094294557987,0.17685122687021126,14.17
2016-03-23,192.493851,-0.006621245891667904,0.17223795602135572,14.94
2016-03-24,192.4086,-0.0004429745831577847,0.16705598897407598,14.74
2016-03-28,192.522278,0.0005906411244298582,0.1645504259961583,15.24
2016-03-29,194.303116,0.009207516409117211,0.1624225763639689,13.82
2016-03-30,195.155655,0.004378077605331043,0.1623416203111994,13.56
2016-03-31,194.682022,-0.002429899730002738,0.15306002471855665,13.95
2016-04-01,196.00820900000002,0.006788969820295421,0.15351826641505345,13.1
2016-04-04,195.37355,-0.003243173917504727,0.14578955737217186,14.12
2016-04-05,193.42216499999998,-0.010038183604653028,0.14839692780941005,15.42
2016-04-06,195.534561,0.010861962925544866,0.1500922550317943,14.09
2016-04-07,193.194794,-0.012038171164321376,0.14480758948138453,16.16
2016-04-08,193.71583600000002,0.0026933471172663204,0.1394036813351792,15.36
2016-04-11,193.261124,-0.0023500738094357487,0.1397819722927491,16.26
2016-04-12,195.060944,0.009269794515289753,0.1405309226319354,14.85
2016-04-13,197.03125,0.010050302530582478,0.13596726097828302,13.84
2016-04-14,197.04071000000002,4.8011535770164926e-05,0.12909322021443878,13.72
2016-04-15,196.822815,-0.0011064493582111368,0.12448866224667321,13.62
2016-04-18,198.205841,0.0070021839168852296,0.12012763743465597,13.35
2016-04-19,198.831055,0.0031494026025109534,0.11914950843071705,13.24
2016-04-20,199.020508,0.0009523803947955045,0.11900218554987803,13.28
2016-04-21,197.950089,-0.005392951530518886,0.11646432895856039,13.95
2016-04-22,197.950089,0.0,0.11075499611175793,13.22
2016-04-25,197.60908500000002,-0.001724162183006861,0.11096557298751189,14.08
2016-04-26,197.90274,0.0014849369116083366,0.10804035026031983,13.96
2016-04-27,198.310059,0.002056062522560964,0.10757445235669447,13.77
2016-04-28,196.51023899999998,-0.009117223589658607,0.10830281270033884,15.22
2016-04-29,195.44931,-0.005413474903955162,0.09537081314310653,15.7
2016-05-02,197.002823,0.007916996666480713,0.09648613938941958,14.68
2016-05-03,195.28826899999999,-0.008741289070250069,0.09921722606667939,15.6
2016-05-04,194.19889799999999,-0.005593888235487121,0.10027339076960684,16.049999
2016-05-05,194.16104099999998,-0.00019495831736637825,0.10029451354776402,15.91
2016-05-06,194.87149,0.003652392708416663,0.09620006078059197,14.72
2016-05-09,195.032501,0.0008259008005504498,0.0956902261920566,14.57
2016-05-10,197.45752,0.012357256128291638,0.09972777263787808,13.63
2016-05-11,195.610352,-0.009398792063057826,0.09582325400181983,14.69
2016-05-12,195.667175,0.00029044857666704615,0.09571494212436767,14.41
2016-05-13,193.962097,-0.008752365426084374,0.09828786081330335,15.04
2016-05-16,195.875549,0.00981673979393527,0.10012289369101199,14.68
2016-05-17,194.047379,-0.009377152584609583,0.10190123972826833,15.57
2016-05-18,194.10420200000002,0.0002927876798004547,0.10146239760251491,15.95
2016-05-19,193.431625,-0.0034710477247150706,0.1017670096271225,16.33
2016-05-20,194.653595,0.006297452082275612,0.10293814231441462,15.2
2016-05-23,194.388351,-0.00136357554153399,0.10162284461573015,15.82
2016-05-24,196.908096,0.012879134726833996,0.10621366797322293,14.42
2016-05-25,198.243729,0.006760126118382281,0.10729758659194764,13.9
2016-05-26,198.30058300000002,0.0002867472747389854,0.10515235442887332,13.43
2016-05-27,199.153122,0.004290010619092399,0.10513253288538336,13.12
2016-05-31,198.774216,-0.0019043985086337756,0.10505089733690408,14.19
2016-06-01,199.181549,0.0020471277366818086,0.1039410546881534,14.2
2016-06-02,199.787781,0.0030389928296994384,0.10373308977609635,13.63
2016-06-03,199.19101,-0.002991494578186149,0.10071183794962212,13.47
2016-06-06,200.20459,0.00507558008122988,0.09808632390430373,13.65
2016-06-07,200.517181,0.001560140157220502,0.09286643927293378,14.05
2016-06-08,201.170792,0.003254324853016577,0.09294368647708592,14.08
2016-06-09,200.896088,-0.0013664594444797729,0.0927633942427942,14.64
2016-06-10,198.99211100000002,-0.009522618534384186,0.09378527309731381,17.030001000000002
2016-06-13,197.45752,-0.0077417081238895236,0.09274048971013032,20.969998999999998
2016-06-14,197.06913799999998,-0.0019688511160609323,0.09287244060571324,20.5
2016-06-15,196.794418,-0.0013950010878946983,0.0928963219894135,20.139999
2016-06-16,197.381714,0.0029798680686230483,0.09154456601170634,19.370001000000002
2016-06-17,196.647064,-0.0037289197758338943,0.09159473705713078,19.41
2016-06-20,197.913467,0.006419331125672834,0.09300858694627787,18.370001000000002
2016-06-21,198.475281,0.0028346635923988117,0.09232957893358294,18.48
2016-06-22,198.15152,-0.0016325728422463825,0.0924229894457425,21.17
2016-06-23,200.73196399999998,0.012938515138952056,0.09755429043331282,17.25
2016-06-24,193.52383400000002,-0.03656982769105621,0.13298806196105006,25.76
2016-06-27,190.05789199999998,-0.018071957523950744,0.13955682544718445,23.85
2016-06-28,193.485779,0.017875295741688113,0.14545885466664296,18.75
2016-06-29,196.780365,0.016884192070196313,0.15086018224696912,16.639999
2016-06-30,199.46553,0.013553231147310996,0.15325379555482455,15.63
2016-07-01,199.884521,0.002098365344841646,0.15161641474727375,14.77
2016-07-05,198.446701,-0.007219249535173056,0.15207307709204196,15.58
2016-07-06,199.636948,0.005979901710843727,0.15264694715559765,14.96
2016-07-07,199.51315300000002,-0.00062029298581745,0.15249122104705884,14.76
2016-07-08,202.483994,0.014780677466099235,0.156420968034597,13.2
2016-07-11,203.198151,0.0035207748061747424,0.15391782272978247,13.54
2016-07-12,204.674026,0.007236980233816581,0.1526093582630851,13.55
2016-07-13,204.645493,-0.00013941675743112114,0.1526266319049231,13.04
2016-07-14,205.788116,0.005567896618889456,0.1509852705352974,12.82
2016-07-15,205.511993,-0.0013426840180246202,0.1496342255789128,12.67
2016-07-18,206.06423999999998,0.0026835725056066906,0.14732073004730412,12.44
2016-07-19,205.854752,-0.0010171321164067493,0.14741782301127357,11.97
2016-07-20,206.71173100000001,0.004154386106756114,0.14705221738554647,11.77
2016-07-21,205.930923,-0.0037844315139023976,0.14713834439464654,12.74
2016-07-22,206.854599,0.004475338850015831,0.14717381296123397,12.02
2016-07-25,206.29277,-0.002719752749161586,0.14468678464159013,12.87
2016-07-26,206.38798500000001,0.00046144629007294213,0.14399554777137416,13.05
2016-07-27,206.169006,-0.00106156979686034,0.14407206832069971,12.83
2016-07-28,206.407043,0.0011539061803960138,0.14382664548045032,12.72
2016-07-29,206.740295,0.001613235965106874,0.1436703332005716,11.87
2016-08-01,206.568939,-0.0008291903287993563,0.1437063035303283,12.44
2016-08-02,205.245361,-0.0064280553516748995,0.1446944876661878,13.37
2016-08-03,205.84523000000002,0.002918429362780195,0.1445064438963227,12.86
2016-08-04,206.06423999999998,0.001063389101677359,0.14410744495289093,12.42
2016-08-05,207.749619,0.008145634962522408,0.1452510345599907,11.39
2016-08-08,207.62583899999998,-0.0005959909343697944,0.14516443809691829,11.5
2016-08-09,207.749619,0.0005959909343697944,0.14506797193053483,11.66
2016-08-10,207.235428,-0.00247811947373755,0.14299889051872539,12.05
2016-08-11,208.197159,0.004630030229506588,0.14157221290163294,11.68
2016-08-12,208.016266,-0.0008692319878429444,0.14144358472455063,11.55
2016-08-15,208.616135,0.0028796100018979587,0.14133287754021695,11.81
2016-08-16,207.540146,-0.005171092912949149,0.14217667403389317,12.64
2016-08-17,207.930542,0.0018792955853408344,0.1416455849118926,12.19
2016-08-18,208.397125,0.0022414229575655753,0.1410912598036794,11.43
2016-08-19,208.092407,-0.0014632687304638736,0.14118336201355677,11.34
2016-08-22,208.082901,-4.568267179205776e-05,0.1410461883336341,12.27
2016-08-23,208.501846,0.0020113321203059087,0.1379452629897682,12.38
2016-08-24,207.435394,-0.0051279579435909994,0.10235495525011865,13.45
2016-08-25,207.292572,-0.0006887503007018125,0.08985919109880035,13.63
2016-08-26,206.902161,-0.001885157316188213,0.08110168612666957,13.65
2016-08-29,207.921021,0.004912271507486743,0.07202473289368203,12.94
2016-08-30,207.578232,-0.001650010561011328,0.06547133498105992,13.12
2016-08-31,206.987869,-0.0028481026193221126,0.06605623523729708,13.42
2016-09-01,206.997406,4.607410252344124e-05,0.06293747951952872,13.48
2016-09-02,207.930542,0.004497829455188729,0.06231901037868211,11.98
2016-09-06,208.559006,0.0030179123582394496,0.062385846545816255,12.02
2016-09-07,208.539917,-9.153224312363761e-05,0.052056782691907215,11.94
2016-09-08,208.063843,-0.00228550125054916,0.052066995474220536,12.51
2016-09-09,203.083878,-0.024225884285981714,0.07790605978901427,17.5
2016-09-12,205.99758899999998,0.014245379017936877,0.0855515802054777,15.16
2016-09-13,203.03627,-0.014479831804643517,0.09163529271333937,17.85
2016-09-14,202.960068,-0.0003753827005938959,0.09159960042374454,18.139999
2016-09-15,204.988251,0.00994341496852158,0.09472464649837245,16.299999
2016-09-16,204.195923,-0.003872725489514117,0.09514732707581947,15.37
2016-09-19,204.23423799999998,0.00018762081634005057,0.0945275340407009,15.53
2016-09-20,204.243774,4.669039567151145e-05,0.09412126774767526,15.92
2016-09-21,206.540604,0.01118277158860792,0.09753923865487002,13.3
2016-09-22,207.84208700000002,0.006281571637873462,0.0985043473640999,12.02
2016-09-23,206.703293,-0.005494196387633821,0.0994745396278004,12.29
2016-09-26,205.028564,-0.00813509184489103,0.10144387121943814,14.5
2016-09-27,206.301361,0.006188711226672083,0.10257945834127677,13.1
2016-09-28,207.325333,0.004951199265853745,0.10322835246896254,12.39
2016-09-29,205.449615,-0.009088395117459847,0.10562384361090804,14.02
2016-09-30,206.99993899999998,0.007517677186935856,0.10603541787663529,13.29
2016-10-03,206.502319,-0.0024068562170906915,0.1059994481432403,13.57
2016-10-04,205.449615,-0.0051108209698451645,0.10672234462358952,13.63
2016-10-05,206.35876499999998,0.00441541027918646,0.10533931482667529,12.99
2016-10-06,206.502319,0.0006954106906587043,0.1053539524531021,12.84
2016-10-07,205.794128,-0.0034353519252352527,0.10564576936333632,13.48
2016-10-10,206.865982,0.005194863203393574,0.10630980797973628,13.38
2016-10-11,204.253342,-0.012710057733049673,0.11004486262374732,15.36
2016-10-12,204.521332,0.0013111870937203562,0.11012403738573011,15.91
2016-10-13,203.85141000000002,-0.003280936909106913,0.11002906109769145,16.690001000000002
2016-10-14,203.95668,0.0005162722609952652,0.10944132775906376,16.120001000000002
2016-10-17,203.248505,-0.0034782254256482403,0.10953786602590626,16.209999
2016-10-18,204.521332,0.006242890073759888,0.11059629378683955,15.28
2016-10-19,205.066803,0.002663511346477243,0.11082493697249286,14.41
2016-10-20,204.68399,-0.0018685167566125926,0.11088423049063133,13.75
2016-10-21,204.779694,0.00046746026806498975,0.11074294651049245,13.34
2016-10-24,205.650589,0.004243820902800621,0.1106780383018242,13.02
2016-10-25,204.961533,-0.0033562411331544695,0.11094214339156742,13.46
2016-10-26,204.550034,-0.0020097070347269153,0.11095371232128232,14.24
2016-10-27,204.004547,-0.0026703277824200455,0.11032883469581585,15.36
2016-10-28,203.401611,-0.0029598788744262805,0.11046277265148956,16.190001000000002
2016-10-31,203.411209,4.718632024314218e-05,0.11030946501815445,17.059998999999998
2016-11-01,201.937408,-0.007271802259211313,0.11157064194405623,18.559998999999998
2016-11-02,200.72203100000002,-0.006036767417996636,0.11160244469286301,19.32
2016-11-03,199.803268,-0.004587798143065314,0.11154140887711142,22.08
2016-11-04,199.583221,-0.0011019252194373053,0.11151710565546324,22.51
2016-11-07,203.98538200000002,0.021817037196387723,0.12471640624412095,18.709999
2016-11-08,204.904099,0.004493725511192537,0.11007611672831571,18.74
2016-11-09,207.076523,0.010546341355224698,0.10752095681175057,14.38
2016-11-10,207.593292,0.002492437350543497,0.10120354788198634,14.74
2016-11-11,207.114807,-0.002307575923777172,0.10142005104820734,14.17
2016-11-14,207.277466,0.0007850484623004306,0.09861115499487559,14.48
2016-11-15,208.894836,0.007772637125792237,0.09972764379689245,13.37
2016-11-16,208.502457,-0.001880122953187069,0.09990123178808004,13.72
2016-11-17,209.574295,0.00512748122532436,0.10053507634566976,13.35
2016-11-18,209.105347,-0.0022401289628755094,0.09718214433189296,12.85
2016-11-21,210.684402,0.00752311103957215,0.09769852407389791,12.42
2016-11-22,211.09594700000002,0.0019514665943081155,0.09667037323660531,12.41
2016-11-23,211.21078500000002,0.0005438606308105776,0.09421134223791736,12.43
2016-11-25,211.995529,0.0037085689577569525,0.09351774734688892,12.34
2016-11-28,211.000229,-0.004705966043447418,0.09377804789058224,13.15
2016-11-29,211.41174300000003,0.001948401832629898,0.09074906163348402,12.9
2016-11-30,210.90454100000002,-0.002402001831703693,0.08939880047708929,13.33
2016-12-01,210.12934900000002,-0.003682330065819528,0.08970295253786965,14.07
2016-12-02,210.23461899999998,0.0005008516914584149,0.08862510955603378,14.12
2016-12-05,211.49786400000002,0.005990758734454538,0.08913018797054276,12.14
2016-12-06,212.16777000000002,0.0031624304854940277,0.08935342844597612,11.79
2016-12-07,214.9431,0.012996012308525096,0.09370121852282833,12.22
2016-12-08,215.46942099999998,0.002445659624934926,0.09319176948012817,12.64
2016-12-09,216.77096600000002,0.006022338369603197,0.08740682312586298,11.75
2016-12-12,216.522156,-0.0011484605442113605,0.08763233964189433,12.64
2016-12-13,217.967209,0.006651754655160325,0.0877781883983407,12.72
2016-12-14,216.16807599999999,-0.00828839931616887,0.09103188002046778,13.19
2016-12-15,217.05806,0.0041086406291022115,0.09043591757286885,12.79
2016-12-16,216.63345299999997,-0.001958106732277365,0.09005896845269698,12.2
2016-12-19,217.10514799999999,0.002175020553241147,0.09002378236996902,11.71
2016-12-20,217.942657,0.00385019772530093,0.08985359230785196,11.45
2016-12-21,217.336227,-0.0027863993161734157,0.09043378679935177,11.27
2016-12-22,216.96077000000002,-0.0017290338000544025,0.09046967584192221,11.43
2016-12-23,217.278458,0.001463193724538847,0.08972050291184172,11.44
2016-12-27,217.81753500000002,0.002477969388436918,0.089348121995551,11.99
2016-12-28,216.01734900000002,-0.008298992996830457,0.0919862694478888,12.95
2016-12-29,215.969238,-0.0002227430278942677,0.09143849368796758,13.37
2016-12-30,215.179871,-0.003661693207792638,0.09223048671160469,14.04
2017-01-03,216.826019,0.007620988534555728,0.09088897041233682,12.85
2017-01-04,218.115921,0.005931392965752735,0.08934711102499457,11.85
2017-01-05,217.942657,-0.0007946822645390483,0.08810818624777683,11.67
2017-01-06,218.72241200000002,0.003571413809673629,0.08781758997496607,11.32
2017-01-09,218.00044300000002,-0.003306305815815591,0.0737193427482138,11.56
2017-01-10,218.00044300000002,0.0,0.07344974893981066,11.49
2017-01-11,218.61651600000002,0.002822031513713519,0.06993940457700337,11.26
2017-01-12,218.067825,-0.0025129881575196578,0.07048357419476167,11.54
2017-01-13,218.568375,0.0022927563920323024,0.0699867081903162,11.23
2017-01-17,217.798279,-0.0035295859224211412,0.07096597831047913,11.87
2017-01-18,218.279602,0.0022075102472864927,0.0690717709067743,12.48
2017-01-19,217.47097799999997,-0.003711411827400646,0.0696915343860076,12.78
2017-01-20,218.269989,0.0036673710118790837,0.06925075924703063,11.54
2017-01-23,217.70198100000002,-0.002605710277129525,0.06936055538177766,11.77
2017-01-24,219.09785499999998,0.00639138862573585,0.06875504153155779,11.07
2017-01-25,220.99424700000003,0.00861821300142207,0.07125623213598156,10.81
2017-01-26,220.763245,-0.0010458318205737172,0.0714374286494736,10.63
2017-01-27,220.41665600000002,-0.0015711915729372805,0.07140182971922034,10.58
2017-01-30,219.049713,-0.006220942055304768,0.07222814323410665,11.88
2017-01-31,219.03044100000002,-8.798389900288583e-05,0.07221721909532104,11.99
2017-02-01,219.117111,0.0003956201546024829,0.07176832671725365,11.81
2017-02-02,219.26148999999998,0.0006586954969556302,0.07084295594724499,11.93
2017-02-03,220.772842,0.00686927284118255,0.07226326550205162,10.97
2017-02-06,220.37817400000003,-0.0017892653126887481,0.0715792159767837,11.37
2017-02-07,220.387787,4.361952079801057e-05,0.07140201375397912,11.29
2017-02-08,220.676605,0.0013096411613329195,0.06465851025880905,11.45
2017-02-09,221.985748,0.0059148775942095,0.06580656135773541,10.88
2017-02-10,222.861786,0.003938603973328014,0.06496511051717589,10.85
2017-02-13,224.074707,0.005427724058051808,0.06583135379278576,11.07
2017-02-14,224.96995499999997,0.003987350310048932,0.0646934020002474,10.74
2017-02-15,226.144394,0.005206846804933107,0.06146607433856095,11.97
2017-02-16,225.95188900000002,-0.0008516106806144563,0.061161098822412496,11.76
2017-02-17,226.308044,0.0015750016644702214,0.06073720490468568,11.49
2017-02-21,227.655746,0.005937504219517997,0.06185814612444661,11.57
2017-02-22,227.453598,-0.0008883492108395785,0.06166598090856087,11.74
2017-02-23,227.60762000000003,0.0006769287286596537,0.06093222794470534,11.71
2017-02-24,227.896423,0.0012680591671454522,0.06051795852571775,11.47
2017-02-27,228.252594,0.001561643494164322,0.06052136222262545,12.09
2017-02-28,227.63648999999998,-0.0027028696088686743,0.06116194769812855,12.92
2017-03-01,230.82282999999998,0.013900432019806175,0.06439308511819582,12.54
2017-03-02,229.369263,-0.006317239501189675,0.06711380132927104,11.81
2017-03-03,229.513641,0.0006292585908322934,0.06592412663446585,10.96
2017-03-06,228.830185,-0.002982287391199101,0.06501814682051796,11.24
2017-03-07,228.14666699999998,-0.0029914797948267235,0.0647703532134985,11.45
2017-03-08,227.723114,-0.0018582197791108257,0.06501054173258192,11.86
2017-03-09,228.01191699999998,0.0012674164548025502,0.06470450380872249,12.3
2017-03-10,228.810928,0.003498125470425606,0.06407091677649891,11.66
2017-03-13,228.92645299999998,0.000504765427724152,0.06402703203284027,11.35
2017-03-14,228.050415,-0.0038340630981315016,0.06503576511090928,12.3
2017-03-15,230.023865,0.008616341477555522,0.06701795712908239,11.63
2017-03-16,229.571396,-0.00196898960706271,0.06743031254713838,11.21
2017-03-17,229.16824300000002,-0.0017576554084968166,0.06680818065217874,11.28
2017-03-20,228.91687000000002,-0.001097494845816449,0.06699559719782239,11.34
2017-03-21,225.977692,-0.012922638112865314,0.07447157677932205,12.47
2017-03-22,226.50944500000003,0.002350357397194358,0.07424176882066424,12.81
2017-03-23,226.267746,-0.001067628969667389,0.07389240363001326,13.12
2017-03-24,226.103378,-0.0007266953990345826,0.07269966647062735,12.96
2017-03-27,225.87133799999998,-0.0010267831901744628,0.07007457054613916,12.5
2017-03-28,227.51495400000002,0.007250431824841641,0.07185924893119316,11.53
2017-03-29,227.72767599999997,0.0009345434784178153,0.07163054092805034,11.42
2017-03-30,228.45277400000003,0.003178999059058718,0.06965974951206964,11.54
2017-03-31,227.921021,-0.0023303408147699045,0.07009036830891943,12.37
2017-04-03,227.52464300000003,-0.0017406164177558026,0.07038841582645353,12.38
2017-04-04,227.66964700000003,0.0006371081891423103,0.0703888839155031,11.79
2017-04-05,226.99287400000003,-0.002977036674808531,0.06937794685586736,12.89
2017-04-06,227.630997,0.002807258746302388,0.06929349785751572,12.39
2017-04-07,227.398926,-0.0010200253143413107,0.06941100101220081,12.87
2017-04-10,227.534302,0.0005951466969822405,0.06939738099472968,14.05
2017-04-11,227.263565,-0.0011905818018291825,0.068307603432733,15.07
2017-04-12,226.267746,-0.0043914083820313365,0.06882038119668918,15.77
2017-04-13,224.79815699999997,-0.006516095275907574,0.06962964611480081,15.96
2017-04-17,226.78985600000001,0.008820924634585836,0.07225528950581815,14.66
2017-04-18,226.11303700000002,-0.0029888062730174525,0.07154434863118533,14.42
2017-04-19,225.697327,-0.0018401973501909197,0.0716572858725377,14.93
2017-04-20,227.534302,0.00810616444839063,0.07429204382556275,14.15
2017-04-21,226.809158,-0.003192054820027934,0.07326317980591653,14.63
2017-04-24,229.30358900000002,0.010937891498575603,0.07804104187617249,10.84
2017-04-25,230.637833,0.0058018159654738,0.07923689789310256,10.76
2017-04-26,230.492798,-0.000629040861882757,0.07923289493122011,10.85
2017-04-27,230.68615699999998,0.0008385422154830735,0.07918020712577113,10.36
2017-04-28,230.18341099999998,-0.0021817287767635918,0.0790708665703298,10.82
2017-05-01,230.76348900000002,0.002516898611194307,0.07156560750162204,10.11
2017-05-02,230.850525,0.0003770942752678863,0.0697937718366824,10.59
2017-05-03,230.57014500000002,-0.00121529030985279,0.06986266458135203,10.68
2017-05-04,230.840866,0.0011734485073429113,0.06947284395333428,10.46
2017-05-05,231.74967999999998,0.003929242294806734,0.06958186523633418,10.57
2017-05-08,231.71099900000002,-0.0001669224676117409,0.069371528637317,9.77
2017-05-09,231.49832200000003,-0.0009182760592354455,0.06941271669983244,9.96
2017-05-10,231.914032,0.0017941261510268092,0.06906403384733202,10.21
2017-05-11,231.44030800000002,-0.0020447598054431637,0.06930421007548189,10.6
2017-05-12,231.05357400000003,-0.0016723857555254185,0.06871913188660483,10.4
2017-05-15,232.329773,0.005508192018276681,0.06680550383890899,10.42
2017-05-16,232.117081,-0.000915893876927143,0.06664132096910508,10.65
2017-05-17,227.99838300000002,-0.017903367027269468,0.0800383133592567,15.59
2017-05-18,228.91687000000002,0.004020387724569474,0.08063440919995545,14.66
2017-05-19,230.405792,0.006483142846050782,0.07535734937414824,12.04
2017-05-22,231.575653,0.0050645475622594915,0.07606532783081527,10.93
2017-05-23,232.08807400000003,0.0022103139787725823,0.07606682522587017,10.72
2017-05-24,232.629517,0.0023302033556804602,0.07610649595472925,10.02
2017-05-25,233.741348,0.0047680212886600515,0.07663077195390053,9.99
2017-05-26,233.693024,-0.00020676271608088825,0.07494029218440677,9.81
2017-05-30,233.48998999999998,-0.0008691840529211348,0.07502660159763355,10.38
2017-05-31,233.431961,-0.0002485597439765286,0.0747703460811288,10.41
2017-06-01,235.28828399999998,0.007920855671417648,0.07656878379796768,9.89
2017-06-02,236.07141099999998,0.003322845499386773,0.07655797081668357,9.75
2017-06-05,235.8974,-0.0007373835042860932,0.0766585176706895,10.07
2017-06-06,235.14327999999998,-0.003201934254569494,0.07672938766282006,10.45
2017-06-07,235.578354,0.001848541016455485,0.07661415141562306,10.39
2017-06-08,235.69435099999998,0.0004922712523418582,0.07648070459257218,10.16
2017-06-09,235.33660899999998,-0.001518974756072211,0.07669953615946365,10.7
2017-06-12,235.28828399999998,-0.00020536525325631771,0.07658003330672403,11.46
2017-06-13,236.43882799999997,0.004878016345331915,0.07606251997370808,10.42
2017-06-14,236.13909900000002,-0.0012684851452657853,0.07391118068579833,10.64
2017-06-15,235.684708,-0.0019261051847605515,0.07173101061528174,10.9
2017-06-16,235.73617599999997,0.0002183526523804602,0.07108522051621703,10.38
2017-06-19,237.69872999999998,0.008290750076565878,0.07291207651524524,10.37
2017-06-20,236.095657,-0.006766982308418434,0.07339555937381692,10.86
2017-06-21,236.03733799999998,-0.0002470447984537216,0.07274304404697425,10.75
2017-06-22,235.93048100000001,-0.0004528147789919501,0.06834799548047008,10.48
2017-06-23,236.21225,0.0011935756496956884,0.0671463405082383,10.02
2017-06-26,236.367661,0.0006577131273886039,0.06707921617247994,9.9
2017-06-27,234.46344,-0.008088808825599259,0.07036723368676027,11.06
2017-06-28,236.561996,0.008910643565974041,0.0730723847692418,10.03
2017-06-29,234.482895,-0.008827670319105252,0.07649531153054663,11.44
2017-06-30,234.92009,0.0018627709681870996,0.07658139646038839,11.18
2017-07-03,235.31842000000003,0.0016941619488939352,0.07653204659592558,11.22
2017-07-05,235.86250299999998,0.002309445120824094,0.07664532657676061,11.07
2017-07-06,233.705627,-0.009186701700540922,0.07972311245225067,12.54
2017-07-07,235.221252,0.006464249952801815,0.0811769115688541,11.19
2017-07-10,235.47386200000003,0.0010733488270382452,0.08113103145948537,11.11
2017-07-11,235.298981,-0.0007429528302003163,0.08110212292493797,10.89
2017-07-12,237.0672,0.007486680165634141,0.08272026910013677,10.3
2017-07-13,237.46552999999997,0.0016788308513797645,0.08256858162710713,9.9
2017-07-14,238.57308999999998,0.004653244303875148,0.08228558111360715,9.51
2017-07-17,238.543961,-0.00012210420891545226,0.0822167834677953,9.82
2017-07-18,238.670242,0.0005292424330782808,0.06778027350120491,9.89
2017-07-19,239.962418,0.005399460786311927,0.06822952698635737,9.79
2017-07-20,240.069275,0.0004452081115609019,0.0669035891220946,9.58
2017-07-21,239.855545,-0.0008906812284870114,0.06625508652672552,9.36
2017-07-24,239.79727200000002,-0.00024297991472721492,0.06621491920479289,9.43
2017-07-25,240.38017299999998,0.0024278578362855185,0.06622941972419345,9.43
2017-07-26,240.38989300000003,4.043512975826502e-05,0.06548812046271754,9.6
2017-07-27,240.16644300000002,-0.0009299638746362859,0.06557138743522994,10.11
2017-07-28,239.884689,-0.0011738500904234783,0.06561901777014845,10.29
2017-07-31,239.748688,-0.0005671040013757178,0.06565026030318577,10.26
2017-08-01,240.28305099999997,0.0022263662058543687,0.06320250787137313,10.09
2017-08-02,240.39961200000002,0.00048498109566530445,0.06280452248984127,10.28
2017-08-03,239.93327299999999,-0.0019417331649940195,0.06301136164945001,10.44
2017-08-04,240.37046800000002,0.00182049433900211,0.062443248278507925,10.03
2017-08-07,240.817352,0.001857420782095609,0.06244441021267655,9.93
2017-08-08,240.224716,-0.0024639687015124423,0.06287195277293917,10.96
2017-08-09,240.215027,-4.03338822092536e-05,0.06269092105776007,11.11
2017-08-10,236.824295,-0.014215973179922514,0.07230103628756496,16.040001
2017-08-11,237.17407200000002,0.0014758576731086492,0.07140980731984448,15.51
2017-08-14,239.52520800000002,0.009864311373293688,0.07522821382779649,12.33
2017-08-15,239.49607799999998,-0.00012162298790219239,0.07502384213143021,12.04
2017-08-16,239.91383399999998,0.0017427929430819944,0.07509630201650244,11.74
2017-08-17,236.173386,-0.015713612160768164,0.08230254976087813,15.55
2017-08-18,235.804199,-0.0015644263076453058,0.080704031788966,14.26
2017-08-21,235.98877000000002,0.0007824237389852939,0.08072636147366877,13.19
2017-08-22,238.456528,0.010402802030393232,0.08464065249264043,11.35
2017-08-23,237.601547,-0.0035919227679963583,0.0851243121733916,12.25
2017-08-24,237.04779100000002,-0.002333327814479702,0.08532747230258993,12.23
2017-08-25,237.601547,0.002333327814479702,0.08299055658709831,11.28
2017-08-28,237.611282,4.097111612821891e-05,0.08014005273220821,11.32
2017-08-29,237.883316,0.0011442150166329768,0.0769677554651654,11.7
2017-08-30,239.01028399999998,0.004726295751664722,0.07763206541698872,11.22
2017-08-31,240.448196,0.005998084801753123,0.07877670393147768,10.59
2017-09-01,240.788239,0.0014132057835283263,0.07868164836467877,10.13
2017-09-05,239.05888399999998,-0.00720797272493634,0.0773231371294777,12.23
2017-09-06,239.874969,0.0034079269390536737,0.07623849879167252,11.63
2017-09-07,239.845825,-0.00012150400983390597,0.07623621688195349,11.55
2017-09-08,239.564087,-0.00117535338916408,0.07628472868076518,12.12
2017-09-11,242.11923199999998,0.01060933134273867,0.07841447127663762,10.73
2017-09-12,242.935333,0.0033649895453295997,0.07867832893025425,10.58
2017-09-13,243.05191000000002,0.00047975334297412076,0.0779992150802408,10.5
2017-09-14,242.97419700000003,-0.0003197894086062192,0.07800951796174631,10.44
2017-09-15,243.301315,0.001345402107532756,0.07804098706633779,10.17
2017-09-18,243.818771,0.0021245528957223314,0.07717381653743399,10.15
2017-09-19,244.062881,0.001000693587758228,0.07718871286155816,10.18
2017-09-20,244.15074199999998,0.0003599285100186478,0.07712165619033604,9.78
2017-09-21,243.496567,-0.0026829857577190808,0.0774818367041803,9.67
2017-09-22,243.54538,0.0002004468012009042,0.07730916282556054,9.59
2017-09-25,243.04745499999999,-0.002046578321671433,0.07752285920805731,10.21
2017-09-26,243.193909,0.0006023922079521071,0.07746892203577925,10.17
2017-09-27,244.14096099999998,0.0038866629518716778,0.0778685474574834,9.87
2017-09-28,244.43388399999998,0.0011990917587967331,0.07785128933750532,9.55
2017-09-29,245.293091,0.0035089260973890646,0.07809307972596667,9.51
2017-10-02,246.35733,0.004329257605599324,0.07865684641552186,9.45
2017-10-03,246.884567,0.0021378443478257125,0.07848663008069888,9.51
2017-10-04,247.17748999999998,0.0011857742571894647,0.07844532948043641,9.63
2017-10-05,248.642059,0.005907686627116604,0.0794447745112803,9.19
2017-10-06,248.358871,-0.001139587528124153,0.07918009673292657,9.65
2017-10-09,247.948822,-0.0016523986997736273,0.07938256251639278,10.33
2017-10-10,248.602966,0.0026347478519870293,0.07003060133927316,10.08
2017-10-11,248.99353,0.0015698023733863309,0.07003361926692529,9.85
2017-10-12,248.622498,-0.0014912384162917292,0.06680622686911823,9.91
2017-10-13,248.925186,0.0012167197118007067,0.0667623862370674,9.61
2017-10-16,249.25712599999997,0.0013326047156905219,0.06673884927895894,9.91
2017-10-17,249.43290699999997,0.0007049710066295845,0.05211954407811613,10.31
2017-10-18,249.67700200000002,0.0009781213117969756,0.05163031684580116,10.07
2017-10-19,249.745331,0.0002736321382181828,0.051680384343830585,10.05
2017-10-20,251.034134,0.00514719925835827,0.04745170696788135,9.97
2017-10-23,250.05773900000003,-0.0038970747215634205,0.04764753758580402,11.07
2017-10-24,250.497116,0.0017555602885774846,0.046820625306884495,11.16
2017-10-25,249.25712599999997,-0.004962409282017077,0.049194664392415585,11.23
2017-10-26,249.579346,0.0012918864714235312,0.04911822708580762,11.3
2017-10-27,251.61994900000002,0.008142925562374614,0.05200261436178422,9.8
2017-10-30,250.682648,-0.003732021667778973,0.052736054458101686,10.5
2017-10-31,251.07316600000001,0.0015566060938674298,0.05132205388223481,10.18
2017-11-01,251.405136,0.0013213308792758838,0.05131832545183611,10.2
2017-11-02,251.502792,0.00038836532808605995,0.047019030485594415,9.93
2017-11-03,252.34248399999998,0.003333137442777634,0.046997876923132606,9.14
2017-11-06,252.733017,0.001546434452097678,0.0468856657697966,9.4
2017-11-07,252.55728100000002,-0.0006955843315461507,0.04674789495291401,9.89
2017-11-08,252.986832,0.001699361509022168,0.04046497832519945,9.78
2017-11-09,252.06910699999997,-0.0036341558990731215,0.041614539599711176,10.5
2017-11-10,251.99096699999998,-0.00031004241222998274,0.04170595193721767,11.29
2017-11-13,252.225296,0.0009294782182394101,0.04160088043435069,11.5
2017-11-14,251.639511,-0.0023251684014358176,0.04231914513516421,11.59
2017-11-15,250.37997400000003,-0.0050178914583245415,0.04450734982899074,13.13
2017-11-16,252.508469,0.008465128757649154,0.04846667586876257,11.76
2017-11-17,251.76638799999998,-0.0029431629412828286,0.04932296332456052,11.43
2017-11-20,252.19599900000003,0.0017049332059224653,0.04862213487661074,10.65
2017-11-21,253.846069,0.006521496738914223,0.0505418359930051,9.73
2017-11-22,253.621552,-0.0008848525713087696,0.05019226100227819,9.88
2017-11-24,254.207321,0.0023069553187475833,0.05027993976360364,9.67
2017-11-27,254.08041400000002,-0.0004993510324897699,0.04990790654480852,9.87
2017-11-28,256.65802,0.010093729834964371,0.05470565756287375,10.03
2017-11-29,256.50177,-0.0006089721286572924,0.05454947145241358,10.7
2017-11-30,258.747467,0.00871698998787096,0.0571601627501301,11.28
2017-12-01,258.21047999999996,-0.0020774888799008906,0.05765119187920555,11.43
2017-12-04,257.89801,-0.0012108695913095602,0.057919360227859304,11.68
2017-12-05,256.97042799999997,-0.0036031845617285896,0.05766184230621939,11.33
2017-12-06,257.019287,0.00019011664522228244,0.05748084220127834,11.02
2017-12-07,257.829681,0.0031480869911373333,0.05741643282553904,10.16
2017-12-08,259.23562599999997,0.005438185257837347,0.05833127052269681,9.58
2017-12-11,260.016724,0.0030085510028712292,0.05852422649045524,9.34
2017-12-12,260.47558599999996,0.001763185007964907,0.05820406203461012,9.92
2017-12-13,260.44635,-0.00011224714495661203,0.058279912660462466,10.18
2017-12-14,259.38205,-0.004094818548353807,0.059634328214943605,10.49
2017-12-15,261.542114,0.008293247000854542,0.062282200533864185,9.42
2017-12-18,263.200592,0.006321130349434156,0.06356468406875031,9.53
2017-12-19,262.189789,-0.0038478216720125857,0.06474684063210931,10.03
2017-12-20,262.05239900000004,-0.00052414706900894,0.06408597370259124,9.72
2017-12-21,262.592133,0.0020575233610147237,0.06292562349487085,9.62
2017-12-22,262.523438,-0.00026163764392350686,0.06300311826439928,9.9
2017-12-26,262.209412,-0.0011968987170840606,0.061425446198042355,10.25
2017-12-27,262.336975,0.00048637453493505234,0.06145022069188929,10.47
2017-12-28,262.876709,0.002055293707834416,0.058974132241780615,10.18
2017-12-29,261.885559,-0.0037775245632438725,0.05899687344381918,11.04
2018-01-02,263.759949,0.007131794778594269,0.06084790518238848,9.77
2018-01-03,265.428253,0.0063051652348189435,0.06213327870837088,9.15
2018-01-04,266.54699700000003,0.004206006385675032,0.06249453830196686,9.22
2018-01-05,268.323273,0.0066419190957942575,0.06364404831795797,9.22
2018-01-08,268.81393399999996,0.001826948980933274,0.06365004372286504,9.52
2018-01-09,269.42236299999996,0.0022608258214775745,0.06344379417811177,10.08
2018-01-10,269.010223,-0.0015308883273705831,0.06388550980161413,9.82
2018-01-11,270.9729,0.007269433282179882,0.06412177898174157,9.88
2018-01-12,272.73938,0.006497871320486404,0.06495882503148168,10.16
2018-01-16,271.807068,-0.0034241814059088327,0.06621520600023713,11.66
2018-01-17,274.397827,0.009486470930219149,0.06801067239684677,11.91
2018-01-18,273.936646,-0.001682116049425808,0.06634698621752312,12.22
2018-01-19,275.182922,0.004539186772807291,0.0647239558254131,11.27
2018-01-22,277.42044100000004,0.008098145533800505,0.06514058856070777,11.03
2018-01-23,278.009277,0.002120290656105084,0.06512480707339603,11.1
2018-01-24,277.901337,-0.00038833581744324164,0.0645821531561909,11.47
2018-01-25,278.019043,0.0004234635246112006,0.06428238337924297,11.58
2018-01-26,281.237946,0.011511482588884903,0.06822138919427478,11.08
2018-01-29,279.37332200000003,-0.006652134847691116,0.07142156872655099,13.84
2018-01-30,276.507813,-0.010309881741445537,0.075059551350396,14.79
2018-01-31,276.645203,0.000496752250647603,0.07489249792552982,13.54
2018-02-01,276.331146,-0.0011358787200750342,0.07316821594511302,13.47
2018-02-02,270.31543,-0.022010414501128395,0.09289851641514632,17.309998999999998
2018-02-05,259.010132,-0.042722355748309404,0.14192913417750921,37.32
2018-02-06,264.11322,0.01951069422145224,0.14932012289233398,29.98
2018-02-07,262.68045,-0.005439600414640644,0.1500622532846821,27.73
2018-02-08,252.827606,-0.03823041717223408,0.1773537129703985,33.459998999999996
2018-02-09,256.625458,0.014909802782733905,0.18077637037023098,29.059998999999998
2018-02-12,260.39386,0.014577670904545315,0.1842424821836337,25.610001
2018-02-13,261.041565,0.002484316569504763,0.18429252974192628,24.969998999999998
2018-02-14,264.564667,0.013406061611904718,0.1871709484422994,19.26
2018-02-15,267.940521,0.012679310183359327,0.18920840456000343,19.129998999999998
2018-02-16,268.01901200000003,0.00029289898109219337,0.1882664663518183,19.459999
2018-02-20,266.340881,-0.006280922422634561,0.1884360242570697,20.6
2018-02-21,265.016083,-0.004986481159924061,0.18860998351759348,20.02
2018-02-22,265.359558,0.001295214265005562,0.18861642164199663,18.719998999999998
2018-02-23,269.589203,0.015813601040949088,0.1923771418696777,16.49
2018-02-26,272.71975699999996,0.011545406788873613,0.19420749764901687,15.8
2018-02-27,269.314423,-0.012565181051120256,0.19694168322755717,18.59
2018-02-28,266.586273,-0.010181638457652298,0.19871729283724016,19.85
2018-03-01,262.70986899999997,-0.014647653743299571,0.20203723288896894,22.469998999999998
2018-03-02,264.064148,0.005141794925346055,0.20219755106107856,19.59
2018-03-05,267.11618,0.011491636365549951,0.20339505910500702,18.73
2018-03-06,267.793335,0.0025318501269460114,0.20291989020301013,18.360001
2018-03-07,267.695221,-0.0003664466775195052,0.20267557235416833,17.76
2018-03-08,268.99060099999997,0.004827340177218531,0.20236420583372863,16.540001
2018-03-09,273.671661,0.017252631842329613,0.2066741371438706,14.64
2018-03-12,273.328217,-0.0012557371909718285,0.20666179752781771,15.78
2018-03-13,271.56176800000003,-0.006483713178321082,0.20729291241376083,16.35
2018-03-14,270.168213,-0.005144843825363843,0.20692990983631326,17.23
2018-03-15,269.873779,-0.0010904116107086637,0.20628318117530267,16.59
2018-03-16,270.166473,0.0010839711579855305,0.20615253860585636,15.8
2018-03-19,266.510986,-0.013622869645124602,0.20728553609215045,19.02
2018-03-20,266.964264,0.001699340725103582,0.2073519740192584,18.200001
2018-03-21,266.451904,-0.0019210522226602578,0.20696866194672667,17.860001
2018-03-22,259.79135099999996,-0.025314941833957327,0.2142267911258673,23.34
2018-03-23,254.253998,-0.02154505320379929,0.21950361246604125,24.870001000000002
2018-03-26,261.210175,0.026991591981975205,0.23079185253681633,21.030001000000002
2018-03-27,256.76651,-0.017158200928710343,0.2339002118627615,22.5
2018-03-28,256.00778199999996,-0.002959308083696044,0.23147614958859875,22.870001000000002
2018-03-29,259.278992,0.012696828681710848,0.23404611010255444,19.969998999999998
2018-04-02,253.68254100000001,-0.02182102440053235,0.23828556882911145,23.620001000000002
2018-04-03,256.934021,0.012735677572363713,0.24096081743850165,21.1
2018-04-04,259.682953,0.010642151081273532,0.24286786104068536,20.059998999999998
2018-04-05,261.73236099999997,0.00786098336036467,0.23832677513800443,18.940001000000002
2018-04-06,255.899429,-0.022537946927333685,0.22098516248770084,21.49
2018-04-09,257.160614,0.004916335066353028,0.2157788435746041,21.77
2018-04-10,261.249573,0.01577532193868514,0.219107295439484,20.469998999999998
2018-04-11,259.880035,-0.00525604813805991,0.19770717302981022,20.24
2018-04-12,262.018097,0.008193453204920154,0.19540184858292892,18.49
2018-04-13,261.249573,-0.0029374050668602436,0.1923290892239038,17.41
2018-04-16,263.397491,0.00818809499929074,0.1932728311883545,16.559998999999998
2018-04-17,266.21542400000004,0.010641581852703474,0.19222885962211667,15.25
2018-04-18,266.412506,0.0007400363289038481,0.18965247132033763,15.6
2018-04-19,264.93457,-0.005562992169198644,0.19011291982633086,15.96
2018-04-20,262.68807999999996,-0.008515569130021383,0.1906248916039049,16.879998999999998
2018-04-23,262.648682,-0.00014999140712657066,0.19026635030932262,16.34
2018-04-24,259.111511,-0.013558815859039619,0.19300162025675935,18.02
2018-04-25,259.751923,0.0024685197808738124,0.18876158222121714,17.84
2018-04-26,262.392517,0.010114505908503268,0.18821416739172409,16.24
2018-04-27,262.638824,0.0009382564385589376,0.18597166511267957,15.41
2018-04-30,260.618988,-0.0077202709102675016,0.185288499834697,15.93
2018-05-01,261.082092,0.0017753619434275336,0.1819390734415175,15.49
2018-05-02,259.32827799999995,-0.006740144857517727,0.18214356772908247,15.97
2018-05-03,258.756775,-0.002206213935340706,0.17970673731995554,15.9
2018-05-04,262.106781,0.012863453987671747,0.18262711041533672,14.77
2018-05-07,262.993561,0.0033775671889744174,0.18287542735189083,14.75
2018-05-08,262.993561,0.0,0.18240544564139377,14.71
2018-05-09,265.53558300000003,0.009619305312317472,0.17875148978163066,13.42
2018-05-10,268.018494,0.009307131292000115,0.1804211519989996,13.23
2018-05-11,268.836273,0.0030465581486360804,0.1799774548140239,12.65
2018-05-14,268.964386,0.0004764330436550779,0.17956213654506828,12.93
2018-05-15,267.11203,-0.006910818372133143,0.18032258114970096,14.63
2018-05-16,268.235229,0.0041961572762323485,0.18062443532530792,13.42
2018-05-17,268.008667,-0.000844996148844146,0.1774594529843253,13.43
2018-05-18,267.338654,-0.002503097796693332,0.17753007174012944,13.42
2018-05-21,269.348633,0.007490352189182481,0.17838795937809146,13.08
2018-05-22,268.599792,-0.0027840642295391405,0.166689686028098,13.22
2018-05-23,269.338776,0.002747467866466735,0.15702021413926565,12.58
2018-05-24,268.78704799999997,-0.002050554605327548,0.1434216988237888,12.53
2018-05-25,268.146606,-0.0023855547103499575,0.13652723759477606,13.22
2018-05-29,265.06262200000003,-0.01156776075041499,0.13966653399043677,17.02
2018-05-30,268.599792,0.01325640219962576,0.1399652242226739,14.94
2018-05-31,266.95437599999997,-0.0061447423084146635,0.1292196003290133,15.43
2018-06-01,269.575287,0.009769942011633503,0.1277906096367696,13.46
2018-06-04,270.85614,0.0047401218148008795,0.1258979825510752,12.74
2018-06-05,271.05319199999997,0.0007272508408657785,0.12471667263032404,12.4
2018-06-06,273.319366,0.008325868222520683,0.11136751337595344,11.64
2018-06-07,273.289825,-0.00010808819359553468,0.11111879807882279,12.13
2018-06-08,274.097778,0.002952034654474467,0.10524074543460854,12.18
2018-06-11,274.462311,0.0013290542311352738,0.10400863834391685,12.35
2018-06-12,274.81701699999996,0.0012915324907538661,0.1025609152967085,12.34
2018-06-13,273.940094,-0.003196036019858184,0.10262597923108242,12.94
2018-06-14,274.62982200000005,0.0025146415920245246,0.10115794717603944,12.12
2018-06-15,274.279449,-0.0012766155213475017,0.09834529717464567,11.98
2018-06-18,273.715332,-0.0020588415029676455,0.09857882163424046,12.31
2018-06-19,272.666199,-0.003840299240916778,0.09800076666197992,13.35
2018-06-20,273.131378,0.0017045847480394727,0.09526267393843864,12.79
2018-06-21,271.419159,-0.006288579392758287,0.09686295880258078,14.64
2018-06-22,271.91403199999996,0.0018216193858275886,0.08994661534757922,13.77
2018-06-25,268.212494,-0.013706403114474242,0.0969414947399876,17.33
2018-06-26,268.806335,0.002211621678736897,0.09414842079223583,15.92
2018-06-27,266.579468,-0.00831878555431853,0.09662683246616546,17.91
2018-06-28,268.103638,0.005701224188148224,0.09531696689640831,16.85
2018-06-29,268.48962400000005,0.0014386541684672238,0.09529662338195603,16.09
2018-07-02,269.06366,0.0021357369968155737,0.09352030524191038,15.6
2018-07-03,268.113525,-0.003537514315068435,0.09384639972040167,16.139999
2018-07-05,270.30078100000003,0.008124851096737551,0.09078458323827202,14.97
2018-07-06,272.587036,0.008422618611305666,0.09251253110976153,13.37
2018-07-09,275.041534,0.008964157717849197,0.09458701669879654,12.69
2018-07-10,276.031219,0.003591852649724281,0.09236328410938442,12.64
2018-07-11,274.01223799999997,-0.007341202015044956,0.09207681033651996,13.63
2018-07-12,276.496399,0.009025027745215297,0.0942220125695842,12.58
2018-07-13,276.714142,0.0007871976222677546,0.09422118508759421,12.18
2018-07-16,276.466705,-0.0008945971931018093,0.09237797138775215,12.83
2018-07-17,277.58511400000003,0.004037205476916661,0.09234307523040129,12.06
2018-07-18,278.169037,0.0021013723921683436,0.0922993951068338,12.1
2018-07-19,277.119934,-0.003778588457626242,0.09263950059512117,12.87
2018-07-20,276.803223,-0.0011435197482168036,0.0912423573965123,12.86
2018-07-23,277.31787099999997,0.0018575295311862305,0.09087625728709556,12.62
2018-07-24,278.713348,0.005019430140601244,0.09135073880141296,12.41
2018-07-25,281.088684,0.008486393831939942,0.09295161774213072,12.29
2018-07-26,280.425568,-0.0023618859393312874,0.09294623451149597,12.14
2018-07-27,278.52533,-0.0067993282687170975,0.08963746855651163,13.03
2018-07-30,277.070465,-0.005237146639308854,0.08568231086358837,14.26
2018-07-31,278.436218,0.004917153271434493,0.08449592291573144,12.83
2018-08-01,277.971069,-0.0016719734598300562,0.08180421530870059,13.15
2018-08-02,279.48538199999996,0.005432950760932975,0.08203024401332694,12.19
2018-08-03,280.682892,0.004275543188771103,0.08248426566088203,11.64
2018-08-06,281.712189,0.003660409502270312,0.08065002436402394,11.27
2018-08-07,282.642517,0.003296964950692427,0.0808661009950453,10.93
2018-08-08,282.523743,-0.0004203152599684401,0.08073660299508677,10.85
2018-08-09,282.137787,-0.0013670350806638254,0.08088174587190071,11.27
2018-08-10,280.247437,-0.006722641487299619,0.08285335383188296,13.16
2018-08-13,279.198334,-0.003750512682858975,0.08301495422536391,14.78
2018-08-14,280.979797,0.006360366130190975,0.08412905262839379,13.31
2018-08-15,278.881622,-0.007495372075467799,0.08630719470269974,14.64
2018-08-16,281.13818399999997,0.00805890859109315,0.08807838789670101,13.45
2018-08-17,282.127899,0.003514204204448923,0.08762162703008079,12.64
2018-08-20,282.731628,0.0021376260858998464,0.08765514861325681,12.49
2018-08-21,283.394714,0.0023425382428960972,0.08588317093200495,12.86
2018-08-22,283.226471,-0.0005938465041479546,0.08594976179133325,12.25
2018-08-23,282.850403,-0.001328681925013342,0.07793227712478742,12.41
2018-08-24,284.55267299999997,0.006000232213060563,0.07876317636959579,11.99
2018-08-27,286.799347,0.007864453090231649,0.07648843796764311,12.16
2018-08-28,286.937897,0.00048297371015060264,0.07589341601522619,12.5
2018-08-29,288.481842,0.005366339040923762,0.07644465358146327,12.25
2018-08-30,287.313965,-0.004056572094929045,0.07772673830700116,13.53
2018-08-31,287.323883,3.4519132478649794e-05,0.07677277325508852,12.86
2018-09-04,286.82901,-0.0017238374258194966,0.07544441505615596,13.16
2018-09-05,286.05703700000004,-0.0026950332314505943,0.07399671561826049,13.91
2018-09-06,285.196014,-0.003014508720858622,0.07201094577354358,14.65
2018-09-07,284.641754,-0.0019453262170934238,0.07199866743514932,14.88
2018-09-10,285.136597,0.001736967097979658,0.06911894283826066,14.16
2018-09-11,286.076813,0.0032919985163273324,0.06637301247130885,13.22
2018-09-12,286.146118,0.0002422307691087866,0.06638763635480927,13.14
2018-09-13,287.838531,0.005897084207747483,0.06740003851595477,12.37
2018-09-14,287.888,0.0001718489507025467,0.06697897929016393,12.07
2018-09-17,286.363831,-0.005308376906546286,0.06858018062145713,13.68
2018-09-18,287.917725,0.005411623535524157,0.06859321009464074,12.79
2018-09-19,288.224518,0.0010649905738544518,0.06839985916720455,11.75
2018-09-20,290.560242,0.008071175474035464,0.07055882123598536,11.8
2018-09-21,290.294769,-0.0009140767091855295,0.07003344577204514,11.68
2018-09-24,289.330414,-0.003327515498258826,0.06819410073252141,12.2
2018-09-25,289.061981,-0.0009282038339133436,0.067889735272966,12.42
2018-09-26,288.197052,-0.0029966777402021805,0.06591042752290595,12.89
2018-09-27,289.002319,0.002790257796219997,0.06429483780776835,12.41
2018-09-28,289.032166,0.00010327065530280066,0.06357119459032308,12.12
2018-10-01,290.036316,0.0034681597694126154,0.06354516783893047,12.0
2018-10-02,289.867279,-0.0005829831242465389,0.0626751376559177,12.05
2018-10-03,290.026367,0.0005486799349796456,0.062092015466671854,11.61
2018-10-04,287.759583,-0.00784648927509135,0.06513362235383727,14.22
2018-10-05,286.14898700000003,-0.005612741514548603,0.06643022612919881,14.82
2018-10-08,286.14898700000003,0.0,0.06641043937974278,15.69
2018-10-09,285.73141499999997,-0.0014603475578098823,0.0664252586702675,15.95
2018-10-10,276.684265,-0.03217524265635152,0.10245484964792306,22.959999
2018-10-11,270.589874,-0.02227272404374947,0.11549894937607909,24.98
2018-10-12,274.347931,0.013792827525321627,0.11966912029921191,21.309998999999998
2018-10-15,272.806915,-0.005632848126395196,0.11909207958561008,21.299999
2018-10-16,278.772064,0.02163019911658015,0.1293055638718606,17.620001000000002
2018-10-17,278.82180800000003,0.00017842376909005253,0.12897418081872017,17.4
2018-10-18,274.79528799999997,-0.014546483589014336,0.13344858434226198,20.059998999999998
2018-10-19,274.646179,-0.0005427657452745649,0.13323417472518642,19.889999
2018-10-22,273.413361,-0.004498854556279852,0.13354964398719418,19.639999
2018-10-23,272.021484,-0.0051037444126755815,0.13395413931311628,20.709999
2018-10-24,263.779633,-0.030767017385111117,0.15140243582938226,25.23
2018-10-25,268.511963,0.01778143680537081,0.15713538165019725,24.219998999999998
2018-10-26,263.78955099999996,-0.017743837945157104,0.16194173955046742,24.16
2018-10-29,262.328094,-0.005555642441937181,0.16109466803549513,24.700001
2018-10-30,266.215393,0.014709741728758274,0.16628508362045905,23.35
2018-10-31,269.058807,0.01062423985945049,0.16901026236794484,21.23
2018-11-01,271.922089,0.010585618672625863,0.17160824765539678,19.34
2018-11-02,270.31149300000004,-0.005940615963600848,0.17195760760174816,19.51
2018-11-05,271.802795,0.0055018131593715935,0.1727139880195775,19.959999
2018-11-06,273.522736,0.006307963245136605,0.17365957850627634,19.91
2018-11-07,279.37854,0.021182888222646135,0.1818474856418755,16.360001
2018-11-08,278.87149,-0.0018165700391836737,0.18162560100197617,16.719998999999998
2018-11-09,276.1474,-0.009816285259351076,0.183002328659202,17.360001
2018-11-12,270.987549,-0.01886190595519288,0.18739090417822285,20.450001
2018-11-13,270.480499,-0.0018728719084561973,0.18734997722052832,20.02
2018-11-14,268.63131699999997,-0.006860132526155915,0.18758302903532836,21.25
2018-11-15,271.434906,0.010382482981476038,0.1891013718222443,19.98
2018-11-16,272.140808,0.0025972550967159336,0.1892614959852858,18.139999
2018-11-19,267.537689,-0.017059158948892872,0.1915553105344063,20.1
2018-11-20,262.586578,-0.018679601264368628,0.19585072580201376,22.48
2018-11-21,263.481354,0.003401754064176643,0.19634542814861833,20.799999
2018-11-23,261.721649,-0.006701072060948832,0.19661949618350802,21.52
2018-11-26,265.94696,0.016015359794621986,0.20169409432153462,18.9
2018-11-27,266.84173599999997,0.0033588431884652437,0.20178037768442864,19.02
2018-11-28,272.98584,0.022764192116492943,0.21060466209059459,18.49
2018-11-29,272.389343,-0.0021874748116488263,0.2102631121880777,18.790001
2018-11-30,274.049652,0.006076850753804486,0.21107185784557625,18.07
2018-12-03,277.678436,0.013154437505020766,0.21400190209637962,16.440001000000002
2018-12-04,268.681,-0.03293893686367433,0.22732212290879864,20.74
2018-12-06,268.273376,-0.0015182819864163477,0.22710271831854917,21.190001000000002
2018-12-07,262.039795,-0.023510138764918587,0.23334124576473128,23.23
2018-12-10,262.536896,0.0018952468049979743,0.2335420770581517,22.639999
2018-12-11,262.596527,0.00022710799825187422,0.22097168372768136,21.76
2018-12-12,263.918793,0.005022717210995786,0.21504175788661106,21.459999
2018-12-13,263.829315,-0.00033909359219297386,0.21199503504287268,20.65
2018-12-14,258.957794,-0.01863726907055341,0.21612090598986872,21.629998999999998
2018-12-17,253.877457,-0.019813393046705485,0.21298392234965835,24.52
2018-12-18,253.599075,-0.0010971227647758042,0.21291827831173396,25.58
2018-12-19,249.801239,-0.015089017432927676,0.21311479633333894,25.58
2018-12-20,245.73500099999998,-0.016411834053201346,0.21585144433681158,28.379998999999998
2018-12-21,240.69999700000002,-0.02070239126857132,0.2203083519807153,30.110001
2018-12-24,234.33999599999999,-0.026778297154584685,0.22782869031401987,36.07
2018-12-26,246.17999300000002,0.04928991207687705,0.2521430378330578,30.41
2018-12-27,248.07000699999998,0.0076480453723553055,0.24854065285383228,29.959999
2018-12-28,247.75,-0.0012908194099283676,0.24533499377583917,28.34
