date,open,high,low,close,volume,adjusted
2014-01-02,14.32,14.59,14,14.23,0,14.23
2014-01-03,14.06,14.22,13.57,13.76,0,13.76
2014-01-06,13.41,14,13.22,13.55,0,13.55
2014-01-07,12.38,13.28,12.16,12.92,0,12.92
2014-01-08,13.04,13.24,12.86,12.87,0,12.87
2014-01-09,12.83,13.26,12.83,12.89,0,12.89
2014-01-10,12.6,12.9,12.14,12.14,0,12.14
2014-01-13,12.18,13.65,11.82,13.28,0,13.28
2014-01-14,12.89,12.9,11.96,12.28,0,12.28
2014-01-15,12.15,12.4,11.81,12.28,0,12.28
2014-01-16,12.32,12.66,12.28,12.53,0,12.53
2014-01-17,12.34,12.93,12.04,12.44,0,12.44
2014-01-21,12.63,13.42,12.61,12.87,0,12.87
2014-01-22,12.57,13.12,12.55,12.84,0,12.84
2014-01-23,13.67,14.66,13.67,13.77,0,13.77
2014-01-24,14.95,18.139999,14.92,18.139999,0,18.139999
2014-01-27,17.290001,18.99,16.85,17.42,0,17.42
2014-01-28,17.27,17.280001,15.8,15.8,0,15.8
2014-01-29,17.950001,18.040001,16.709999,17.35,0,17.35
2014-01-30,16.370001,17.389999,15.96,17.290001,0,17.290001
2014-01-31,18.709999,18.99,17.27,18.41,0,18.41
2014-02-03,18.57,21.48,18.34,21.440001,0,21.440001
2014-02-04,19.99,20.07,18.440001,19.110001,0,19.110001
2014-02-05,19.59,20.719999,19.129999,19.950001,0,19.950001
2014-02-06,19.09,19.09,17.09,17.23,0,17.23
2014-02-07,16.15,16.309999,15.09,15.29,0,15.29
2014-02-10,15.63,15.76,15.1,15.26,0,15.26
2014-02-11,15.29,15.29,14.08,14.51,0,14.51
2014-02-12,14.31,14.64,14.02,14.3,0,14.3
2014-02-13,15.24,15.24,13.98,14.14,0,14.14
2014-02-14,14.21,14.22,13.44,13.57,0,13.57
2014-02-18,13.95,14.51,13.77,13.87,0,13.87
2014-02-19,14.85,15.73,14.12,15.5,0,15.5
2014-02-20,15.28,15.8,14.59,14.79,0,14.79
2014-02-21,14.74,14.79,14.19,14.68,0,14.68
2014-02-24,14.83,14.83,13.97,14.23,0,14.23
2014-02-25,14.17,14.83,13.66,13.67,0,13.67
2014-02-26,13.83,14.54,13.73,14.35,0,14.35
2014-02-27,14.56,14.69,13.92,14.04,0,14.04
2014-02-28,14.22,14.79,13.49,14,0,14
2014-03-03,16.469999,16.780001,15.38,16,0,16
2014-03-04,14.53,14.54,14,14.1,0,14.1
2014-03-05,14.13,14.32,13.81,13.89,0,13.89
2014-03-06,13.82,14.42,13.73,14.21,0,14.21
2014-03-07,13.51,14.43,13.51,14.11,0,14.11
2014-03-10,14.76,15.28,14.2,14.2,0,14.2
2014-03-11,14.22,14.93,13.84,14.8,0,14.8
2014-03-12,15.37,15.64,14.43,14.47,0,14.47
2014-03-13,14.28,16.66,14.24,16.219999,0,16.219999
2014-03-14,16.74,18.219999,16.09,17.82,0,17.82
2014-03-17,16.389999,16.4,15.37,15.64,0,15.64
2014-03-18,15.42,15.47,14.16,14.52,0,14.52
2014-03-19,14.56,15.95,13.89,15.12,0,15.12
2014-03-20,15.58,15.62,14.5,14.52,0,14.52
2014-03-21,13.96,15.17,13.77,15,0,15
2014-03-24,14.7,16.07,14.56,15.09,0,15.09
2014-03-25,14.16,15.05,13.96,14.02,0,14.02
2014-03-26,13.64,15.28,13.46,14.93,0,14.93
2014-03-27,15,15.63,14.49,14.62,0,14.62
2014-03-28,14.15,14.86,13.73,14.41,0,14.41
2014-03-31,13.88,14.16,13.57,13.88,0,13.88
2014-04-01,13.43,13.56,13.06,13.1,0,13.1
2014-04-02,13.17,13.35,12.92,13.09,0,13.09
2014-04-03,13.02,13.7,13.02,13.37,0,13.37
2014-04-04,12.88,14.55,12.6,13.96,0,13.96
2014-04-07,14.96,16.01,14.57,15.57,0,15.57
2014-04-08,15.59,16.200001,14.81,14.89,0,14.89
2014-04-09,14.58,14.94,13.7,13.82,0,13.82
2014-04-10,13.98,16.379999,13.81,15.89,0,15.89
2014-04-11,16.66,17.85,15.89,17.030001,0,17.030001
2014-04-14,16.139999,17.4,16.1,16.110001,0,16.110001
2014-04-15,16.139999,17.5,15.47,15.61,0,15.61
2014-04-16,14.89,15.27,14.05,14.18,0,14.18
2014-04-17,14.09,14.17,13.07,13.36,0,13.36
2014-04-21,14.1,14.11,13.17,13.25,0,13.25
2014-04-22,13.13,13.26,12.9,13.19,0,13.19
2014-04-23,13.35,13.75,13.27,13.27,0,13.27
2014-04-24,13.36,14.08,13.09,13.32,0,13.32
2014-04-25,13.93,14.67,13.91,14.06,0,14.06
2014-04-28,14.27,15.28,13.82,13.97,0,13.97
2014-04-29,13.88,14.24,13.61,13.71,0,13.71
2014-04-30,14.05,14.18,13.34,13.41,0,13.41
2014-05-01,13.64,13.75,13.1,13.25,0,13.25
2014-05-02,13.15,13.5,12.83,12.91,0,12.91
2014-05-05,13.95,14.2,13.08,13.29,0,13.29
2014-05-06,13.65,13.9,13.28,13.8,0,13.8
2014-05-07,13.64,14.49,13.39,13.4,0,13.4
2014-05-08,13.69,13.88,12.92,13.43,0,13.43
2014-05-09,13.55,14.03,12.87,12.92,0,12.92
2014-05-12,12.46,12.58,11.88,12.23,0,12.23
2014-05-13,12.36,12.74,12.05,12.13,0,12.13
2014-05-14,12.42,12.51,12.03,12.17,0,12.17
2014-05-15,12.73,13.77,12.72,13.17,0,13.17
2014-05-16,13.31,13.66,12.26,12.44,0,12.44
2014-05-19,13.17,13.21,12.28,12.42,0,12.42
2014-05-20,12.69,13.3,12.32,12.96,0,12.96
2014-05-21,12.38,12.46,11.8,11.91,0,11.91
2014-05-22,11.93,12.09,11.68,12.03,0,12.03
2014-05-23,11.96,11.97,11.36,11.36,0,11.36
2014-05-27,11.69,11.84,11.5,11.51,0,11.51
2014-05-28,11.6,11.86,11.5,11.68,0,11.68
2014-05-29,11.58,11.82,11.41,11.57,0,11.57
2014-05-30,11.66,11.7,11.32,11.4,0,11.4
2014-06-02,11.69,12.17,11.29,11.58,0,11.58
2014-06-03,12.03,12.13,11.72,11.87,0,11.87
2014-06-04,12.15,12.33,11.91,12.08,0,12.08
2014-06-05,12.09,12.34,11.44,11.68,0,11.68
2014-06-06,11.32,11.39,10.73,10.73,0,10.73
2014-06-09,11.23,11.51,10.99,11.15,0,11.15
2014-06-10,11.3,11.66,10.93,10.99,0,10.99
2014-06-11,11.42,11.87,11.19,11.6,0,11.6
2014-06-12,11.81,12.81,11.71,12.56,0,12.56
2014-06-13,12.45,12.69,11.89,12.18,0,12.18
2014-06-16,12.65,12.87,12.28,12.65,0,12.65
2014-06-17,12.81,12.89,12.06,12.06,0,12.06
2014-06-18,11.8,11.91,10.57,10.61,0,10.61
2014-06-19,10.53,10.82,10.42,10.62,0,10.62
2014-06-20,10.4,11.02,10.34,10.85,0,10.85
2014-06-23,11.26,11.35,10.92,10.98,0,10.98
2014-06-24,11.02,12.27,10.87,12.13,0,12.13
2014-06-25,12.31,12.33,11.37,11.59,0,11.59
2014-06-26,11.51,12.51,11.5,11.63,0,11.63
2014-06-27,11.72,12.04,11.19,11.26,0,11.26
2014-06-30,11.75,11.81,11.3,11.57,0,11.57
2014-07-01,11.28,11.42,10.92,11.15,0,11.15
2014-07-02,11.18,11.18,10.56,10.82,0,10.82
2014-07-03,10.47,10.76,10.28,10.32,0,10.32
2014-07-07,11.15,11.54,11.01,11.33,0,11.33
2014-07-08,11.72,12.51,11.72,11.98,0,11.98
2014-07-09,11.74,12.05,11.5,11.65,0,11.65
2014-07-10,13.22,13.23,12.05,12.59,0,12.59
2014-07-11,12.5,12.68,12.07,12.08,0,12.08
2014-07-14,11.6,11.83,11.4,11.82,0,11.82
2014-07-15,11.53,12.47,11.46,11.96,0,11.96
2014-07-16,10.81,11.45,10.59,11,0,11
2014-07-17,11.35,15.38,10.85,14.54,0,14.54
2014-07-18,13.34,13.55,12.04,12.06,0,12.06
2014-07-21,12.85,13.62,12.46,12.81,0,12.81
2014-07-22,11.97,12.24,11.69,12.24,0,12.24
2014-07-23,11.54,12.16,11.41,11.52,0,11.52
2014-07-24,11.43,12.06,11.43,11.84,0,11.84
2014-07-25,12.03,12.75,12.03,12.69,0,12.69
2014-07-28,12.93,13.64,12.54,12.56,0,12.56
2014-07-29,12.35,13.35,12.12,13.28,0,13.28
2014-07-30,12.63,14.07,12.53,13.33,0,13.33
2014-07-31,14.35,17.110001,14.26,16.950001,0,16.950001
2014-08-01,16.67,17.57,15.52,17.030001,0,17.030001
2014-08-04,16.639999,16.799999,14.69,15.12,0,15.12
2014-08-05,15.54,17.139999,15.1,16.870001,0,16.870001
2014-08-06,17.219999,17.299999,15.7,16.370001,0,16.370001
2014-08-07,15.5,17.25,15.44,16.66,0,16.66
2014-08-08,16.43,17.09,15.53,15.77,0,15.77
2014-08-11,15.16,15.16,13.72,14.23,0,14.23
2014-08-12,14.42,14.74,13.76,14.13,0,14.13
2014-08-13,13.57,13.93,12.84,12.9,0,12.9
2014-08-14,13.05,13.13,12.42,12.42,0,12.42
2014-08-15,11.91,14.94,11.89,13.15,0,13.15
2014-08-18,12.85,12.85,12.26,12.32,0,12.32
2014-08-19,12.14,12.46,11.91,12.21,0,12.21
2014-08-20,12.23,12.24,11.6,11.78,0,11.78
2014-08-21,11.93,13.51,11.52,11.76,0,11.76
2014-08-22,11.88,12.48,11.47,11.47,0,11.47
2014-08-25,11.58,11.77,11.24,11.7,0,11.7
2014-08-26,11.33,11.93,11.33,11.63,0,11.63
2014-08-27,11.69,11.93,11.54,11.78,0,11.78
2014-08-28,12.38,12.73,12.05,12.05,0,12.05
2014-08-29,11.86,12.44,11.78,12.09,0,12.09
2014-09-02,12.32,13.41,12.23,12.25,0,12.25
2014-09-03,12.03,12.55,11.91,12.36,0,12.36
2014-09-04,12.4,12.99,11.7,12.64,0,12.64
2014-09-05,12.37,13.18,11.96,12.09,0,12.09
2014-09-08,12.64,13.09,12.4,12.66,0,12.66
2014-09-09,12.7,13.91,12.7,13.5,0,13.5
2014-09-10,13.36,14.06,12.86,12.88,0,12.88
2014-09-11,13.53,13.67,12.66,12.8,0,12.8
2014-09-12,12.85,14.27,12.85,13.31,0,13.31
2014-09-15,13.54,14.19,13.54,14.12,0,14.12
2014-09-16,14.48,14.53,12.72,12.73,0,12.73
2014-09-17,13.06,14.53,11.73,12.65,0,12.65
2014-09-18,12.55,12.58,11.98,12.03,0,12.03
2014-09-19,11.73,12.61,11.52,12.11,0,12.11
2014-09-22,13.14,13.98,13.13,13.69,0,13.69
2014-09-23,14.82,14.94,13.83,14.93,0,14.93
2014-09-24,14.62,14.93,13.24,13.27,0,13.27
2014-09-25,14.11,16.690001,14.03,15.64,0,15.64
2014-09-26,15.77,15.98,14.31,14.85,0,14.85
2014-09-29,16.959999,17.08,15.45,15.98,0,15.98
2014-09-30,15.49,16.43,15.18,16.309999,0,16.309999
2014-10-01,16.440001,17.559999,16.08,16.709999,0,16.709999
2014-10-02,16.700001,17.98,15.9,16.16,0,16.16
2014-10-03,15.16,15.43,14.44,14.55,0,14.55
2014-10-06,14.46,15.77,14.05,15.46,0,15.46
2014-10-07,16.18,17.459999,15.97,17.200001,0,17.200001
2014-10-08,17.35,18.030001,14.97,15.11,0,15.11
2014-10-09,15.64,19.379999,15.34,18.76,0,18.76
2014-10-10,19.110001,22.059999,18.139999,21.24,0,21.24
2014-10-13,21.16,24.639999,20.52,24.639999,0,24.639999
2014-10-14,23.77,24.549999,21.48,22.790001,0,22.790001
2014-10-15,26.360001,31.059999,24.639999,25.27,0,25.27
2014-10-16,29.26,29.41,24.610001,25.200001,0,25.200001
2014-10-17,21.68,23.08,20.23,21.99,0,21.99
2014-10-20,22.110001,22.16,18.51,18.57,0,18.57
2014-10-21,17.719999,17.75,16.030001,16.08,0,16.08
2014-10-22,16.059999,18.43,15.56,17.870001,0,17.870001
2014-10-23,16.07,17.059999,15.68,16.530001,0,16.530001
2014-10-24,16.43,18.059999,16.09,16.110001,0,16.110001
2014-10-27,17.24,17.870001,16,16.040001,0,16.040001
2014-10-28,15.69,15.78,14.39,14.39,0,14.39
2014-10-29,14.61,16.280001,14.19,15.15,0,15.15
2014-10-30,15.31,15.75,14.07,14.52,0,14.52
2014-10-31,13.84,14.83,13.72,14.03,0,14.03
2014-11-03,14.41,14.99,14.23,14.73,0,14.73
2014-11-04,15.05,15.93,14.83,14.89,0,14.89
2014-11-05,14.15,14.99,14.15,14.17,0,14.17
2014-11-06,14.46,15.08,13.67,13.67,0,13.67
2014-11-07,13.71,14.16,13.01,13.12,0,13.12
2014-11-10,13.16,13.25,12.38,12.67,0,12.67
2014-11-11,12.71,13.18,12.6,12.92,0,12.92
2014-11-12,13.76,13.76,12.99,13.02,0,13.02
2014-11-13,13.33,14.31,12.87,13.79,0,13.79
2014-11-14,13.79,14.15,13.31,13.31,0,13.31
2014-11-17,14.7,14.73,13.84,13.99,0,13.99
2014-11-18,13.86,13.99,13.13,13.86,0,13.86
2014-11-19,14.01,14.78,13.83,13.96,0,13.96
2014-11-20,14.66,15.74,13.58,13.58,0,13.58
2014-11-21,13.16,13.8,12.9,12.9,0,12.9
2014-11-24,12.92,13.02,12.43,12.62,0,12.62
2014-11-25,12.55,13.02,12.23,12.25,0,12.25
2014-11-26,12.27,12.4,11.91,12.07,0,12.07
2014-11-28,12.64,13.49,12.36,13.33,0,13.33
2014-12-01,14.16,14.75,13.94,14.16,0,14.16
2014-12-02,14.1,14.17,12.85,12.85,0,12.85
2014-12-03,12.75,12.88,12.21,12.5,0,12.5
2014-12-04,12.7,13.23,12.09,12.38,0,12.38
2014-12-05,12.08,12.28,11.53,11.89,0,11.89
2014-12-08,13.05,14.67,12.55,14.21,0,14.21
2014-12-09,16.23,16.68,15.12,15.35,0,15.35
2014-12-10,15.56,18.92,15.4,18.530001,0,18.530001
2014-12-11,17.68,20.129999,15.94,20.08,0,20.08
2014-12-12,20.51,23.059999,18.34,21.08,0,21.08
2014-12-15,19.59,24.83,17.77,20.42,0,20.42
2014-12-16,23.549999,25.200001,19.6,23.57,0,23.57
2014-12-17,23.9,24.610001,19.26,19.440001,0,19.440001
2014-12-18,17.139999,18.51,16.07,16.809999,0,16.809999
2014-12-19,16.57,17.200001,16.110001,16.49,0,16.49
2014-12-22,16.32,16.879999,15.03,15.25,0,15.25
2014-12-23,14.47,15.21,14.32,14.8,0,14.8
2014-12-24,14.52,14.54,14.01,14.37,0,14.37
2014-12-26,14.6,14.84,14.13,14.5,0,14.5
2014-12-29,16.040001,16.139999,15.06,15.06,0,15.06
2014-12-30,15.9,16.200001,15.48,15.92,0,15.92
2014-12-31,15.91,19.91,15.86,19.200001,0,19.200001
2015-01-02,17.76,20.139999,17.049999,17.790001,0,17.790001
2015-01-05,19.190001,21.290001,19.190001,19.92,0,19.92
2015-01-06,20.33,22.9,19.52,21.120001,0,21.120001
2015-01-07,20.15,20.719999,19.040001,19.309999,0,19.309999
2015-01-08,17.93,18.09,16.99,17.01,0,17.01
2015-01-09,16.440001,18.42,16.440001,17.549999,0,17.549999
2015-01-12,18.02,20.440001,18.02,19.6,0,19.6
2015-01-13,18.209999,21.58,17.65,20.559999,0,20.559999
2015-01-14,22.870001,23.34,21.32,21.48,0,21.48
2015-01-15,21.23,23.309999,20.860001,22.389999,0,22.389999
2015-01-16,22.799999,23.43,20.950001,20.950001,0,20.950001
2015-01-20,20.07,21.370001,19.58,19.889999,0,19.889999
2015-01-21,20.92,21.280001,18.639999,18.85,0,18.85
2015-01-22,17.98,19.23,16.07,16.4,0,16.4
2015-01-23,16.790001,17.09,15.81,16.66,0,16.66
2015-01-26,16.959999,17.43,15.52,15.52,0,15.52
2015-01-27,17.6,18.41,16.67,17.219999,0,17.219999
2015-01-28,16.969999,20.440001,16.92,20.440001,0,20.440001
2015-01-29,20.459999,21.559999,18.66,18.76,0,18.76
2015-01-30,20.23,22.18,19.24,20.969999,0,20.969999
2015-02-02,20.889999,22.809999,19.35,19.43,0,19.43
2015-02-03,18.41,18.889999,17.200001,17.33,0,17.33
2015-02-04,17.82,18.379999,16.82,18.33,0,18.33
2015-02-05,17.290001,17.43,16.67,16.85,0,16.85
2015-02-06,16.290001,18.74,16.059999,17.290001,0,17.290001
2015-02-09,19.16,19.280001,18.209999,18.549999,0,18.549999
2015-02-10,17.719999,18.360001,16.969999,17.23,0,17.23
2015-02-11,17.43,17.809999,16.82,16.959999,0,16.959999
2015-02-12,16.389999,16.469999,15.28,15.34,0,15.34
2015-02-13,15.11,15.64,14.69,14.69,0,14.69
2015-02-17,15.85,16.33,15.53,15.8,0,15.8
2015-02-18,16.74,16.74,15.44,15.45,0,15.45
2015-02-19,16.110001,16.219999,15.1,15.29,0,15.29
2015-02-20,15.73,16.290001,14.27,14.3,0,14.3
2015-02-23,15.05,15.48,14.49,14.56,0,14.56
2015-02-24,14.5,14.63,13.53,13.69,0,13.69
2015-02-25,13.64,14.06,12.86,13.84,0,13.84
2015-02-26,13.55,14.57,13.55,13.91,0,13.91
2015-02-27,14.07,14.17,13.29,13.34,0,13.34
2015-03-02,13.9,13.9,12.87,13.04,0,13.04
2015-03-03,13.35,14.69,13.25,13.86,0,13.86
2015-03-04,14.28,14.71,14.13,14.23,0,14.23
2015-03-05,14.01,14.58,13.88,14.04,0,14.04
2015-03-06,14.61,15.83,14.18,15.2,0,15.2
2015-03-09,15.72,15.76,14.71,15.06,0,15.06
2015-03-10,16.469999,16.91,16.030001,16.690001,0,16.690001
2015-03-11,16.440001,17.190001,16.290001,16.870001,0,16.870001
2015-03-12,16.450001,16.450001,15.3,15.42,0,15.42
2015-03-13,15.47,16.74,15.32,16,0,16
2015-03-16,15.78,15.89,15.36,15.61,0,15.61
2015-03-17,16.309999,16.370001,15.66,15.66,0,15.66
2015-03-18,14.6,16.290001,13.38,13.97,0,13.97
2015-03-19,14.68,14.97,13.84,14.07,0,14.07
2015-03-20,13.52,13.53,12.54,13.02,0,13.02
2015-03-23,13.52,13.53,12.89,13.41,0,13.41
2015-03-24,13.36,13.68,12.59,13.62,0,13.62
2015-03-25,13.26,15.55,13.2,15.44,0,15.44
2015-03-26,16.639999,17.190001,15.23,15.8,0,15.8
2015-03-27,15.73,15.83,14.19,15.07,0,15.07
2015-03-30,14.76,14.76,14.08,14.51,0,14.51
2015-03-31,14.97,15.74,14.33,15.29,0,15.29
2015-04-01,15.32,16.66,15.08,15.11,0,15.11
2015-04-02,15.3,15.51,14.27,14.67,0,14.67
2015-04-06,15.75,15.76,14.04,14.74,0,14.74
2015-04-07,14.57,14.81,14.01,14.78,0,14.78
2015-04-08,14.59,14.77,13.75,13.98,0,13.98
2015-04-09,14.14,14.59,13.09,13.09,0,13.09
2015-04-10,13.2,13.26,12.51,12.58,0,12.58
2015-04-13,13.17,14.31,12.71,13.94,0,13.94
2015-04-14,14.34,14.74,13.64,13.67,0,13.67
2015-04-15,13.58,13.58,12.83,12.84,0,12.84
2015-04-16,13.27,13.35,12.5,12.6,0,12.6
2015-04-17,13.97,15.02,13.73,13.89,0,13.89
2015-04-20,13.67,13.67,12.83,13.3,0,13.3
2015-04-21,12.75,13.51,12.66,13.25,0,13.25
2015-04-22,12.97,13.8,12.57,12.71,0,12.71
2015-04-23,12.96,12.96,12.12,12.48,0,12.48
2015-04-24,12.21,13.02,12.16,12.29,0,12.29
2015-04-27,12.34,13.4,12.33,13.12,0,13.12
2015-04-28,13.26,14.23,12.41,12.41,0,12.41
2015-04-29,13.44,14.34,12.61,13.39,0,13.39
2015-04-30,13.89,15.29,12.49,14.55,0,14.55
2015-05-01,13.98,13.98,12.68,12.7,0,12.7
2015-05-04,13.12,13.18,12.1,12.85,0,12.85
2015-05-05,13.21,14.41,12.97,14.31,0,14.31
2015-05-06,13.93,16.360001,13.89,15.15,0,15.15
2015-05-07,15.48,15.97,14.81,15.13,0,15.13
2015-05-08,13.36,13.42,12.7,12.86,0,12.86
2015-05-11,13.35,13.85,13,13.85,0,13.85
2015-05-12,14.73,15.13,13.73,13.86,0,13.86
2015-05-13,13.63,14.04,13.06,13.76,0,13.76
2015-05-14,13.14,13.29,12.72,12.74,0,12.74
2015-05-15,12.46,13.09,12.35,12.38,0,12.38
2015-05-18,13.08,13.22,12.55,12.73,0,12.73
2015-05-19,12.95,13.13,12.55,12.85,0,12.85
2015-05-20,12.9,13.27,12.62,12.88,0,12.88
2015-05-21,13.03,13.09,12.09,12.11,0,12.11
2015-05-22,12.37,12.37,11.82,12.13,0,12.13
2015-05-26,13.45,14.63,13.34,14.06,0,14.06
2015-05-27,14.16,14.41,13.05,13.27,0,13.27
2015-05-28,13.49,13.99,13.31,13.31,0,13.31
2015-05-29,13.59,14.43,13.4,13.84,0,13.84
2015-06-01,13.92,14.86,13.47,13.97,0,13.97
2015-06-02,14.72,15.05,13.59,14.24,0,14.24
2015-06-03,13.73,14.2,13.4,13.66,0,13.66
2015-06-04,14.57,15.49,13.99,14.71,0,14.71
2015-06-05,15.01,15.65,14.21,14.21,0,14.21
2015-06-08,14.84,15.5,14.67,15.29,0,15.29
2015-06-09,15.18,15.74,14.47,14.47,0,14.47
2015-06-10,14.24,14.37,12.96,13.22,0,13.22
2015-06-11,13.04,13.22,12.56,12.85,0,12.85
2015-06-12,13.31,14.02,13.3,13.78,0,13.78
2015-06-15,15.48,15.57,14.91,15.39,0,15.39
2015-06-16,15.62,15.62,14.81,14.81,0,14.81
2015-06-17,14.66,15.49,14.07,14.5,0,14.5
2015-06-18,14.03,14.03,12.54,13.19,0,13.19
2015-06-19,13.35,14,12.96,13.96,0,13.96
2015-06-22,13.42,13.46,12.43,12.74,0,12.74
2015-06-23,12.5,12.68,11.93,12.11,0,12.11
2015-06-24,12.57,13.33,12.01,13.26,0,13.26
2015-06-25,12.96,14.16,12.92,14.01,0,14.01
2015-06-26,14.13,14.91,13.64,14.02,0,14.02
2015-06-29,16.700001,19.5,15.82,18.85,0,18.85
2015-06-30,17.6,19.799999,17.49,18.23,0,18.23
2015-07-01,16.629999,17.26,15.65,16.09,0,16.09
2015-07-02,15.43,17.48,15.39,16.790001,0,16.790001
2015-07-06,18.65,18.950001,16.57,17.01,0,17.01
2015-07-07,17.219999,19.200001,15.93,16.09,0,16.09
2015-07-08,17.379999,19.76,16.940001,19.66,0,19.66
2015-07-09,17.459999,20.049999,17.200001,19.969999,0,19.969999
2015-07-10,17.450001,18.17,16.6,16.83,0,16.83
2015-07-13,15.29,15.36,13.82,13.9,0,13.9
2015-07-14,13.91,13.95,12.9,13.37,0,13.37
2015-07-15,13.35,13.97,12.81,13.23,0,13.23
2015-07-16,12.59,12.61,11.87,12.11,0,12.11
2015-07-17,11.77,12.22,11.77,11.95,0,11.95
2015-07-20,12.25,12.37,11.71,12.25,0,12.25
2015-07-21,12.42,12.79,12.21,12.22,0,12.22
2015-07-22,12.77,12.83,12.05,12.12,0,12.12
2015-07-23,12.06,13.08,11.73,12.64,0,12.64
2015-07-24,12.87,14.73,12.86,13.74,0,13.74
2015-07-27,15.6,16.27,15.03,15.6,0,15.6
2015-07-28,14.87,15.62,13.32,13.44,0,13.44
2015-07-29,13.57,13.59,11.85,12.5,0,12.5
2015-07-30,12.72,13.42,12.09,12.13,0,12.13
2015-07-31,12.03,12.63,11.82,12.12,0,12.12
2015-08-03,12.85,13.55,12.32,12.56,0,12.56
2015-08-04,12.66,13.22,12.29,13,0,13
2015-08-05,12.02,12.72,10.88,12.51,0,12.51
2015-08-06,12.2,14.25,12.16,13.77,0,13.77
2015-08-07,13.57,14.58,13.29,13.39,0,13.39
2015-08-10,12.73,12.78,12.18,12.23,0,12.23
2015-08-11,13.24,14.33,13.02,13.71,0,13.71
2015-08-12,15.19,16.280001,13.45,13.61,0,13.61
2015-08-13,13.87,14.33,13.06,13.49,0,13.49
2015-08-14,13.69,13.87,12.8,12.83,0,12.83
2015-08-17,14.32,14.52,13.01,13.02,0,13.02
2015-08-18,13.41,13.94,13.17,13.79,0,13.79
2015-08-19,14.84,15.96,13.73,15.25,0,15.25
2015-08-20,16.549999,19.24,16.129999,19.139999,0,19.139999
2015-08-21,22.549999,28.379999,20.799999,28.030001,0,28.030001
2015-08-24,28.030001,53.290001,28.030001,40.740002,0,40.740002
2015-08-25,31.129999,38.060001,28.08,36.02,0,36.02
2015-08-26,31.129999,35.619999,28.67,30.32,0,30.32
2015-08-27,27.110001,29.9,24.49,26.1,0,26.1
2015-08-28,26.690001,29.200001,25.77,26.049999,0,26.049999
2015-08-31,27.030001,29.370001,26.629999,28.43,0,28.43
2015-09-01,31.91,33.82,29.91,31.4,0,31.4
2015-09-02,29.139999,30.450001,24.77,26.09,0,26.09
2015-09-03,25.209999,26.309999,23.450001,25.610001,0,25.610001
2015-09-04,27.43,29.469999,25.68,27.799999,0,27.799999
2015-09-08,25.049999,26.25,24.129999,24.9,0,24.9
2015-09-09,22.389999,26.82,21.51,26.23,0,26.23
2015-09-10,26.870001,27.219999,23.530001,24.370001,0,24.370001
2015-09-11,25.379999,25.809999,23.15,23.200001,0,23.200001
2015-09-14,24.030001,25.32,23.639999,24.25,0,24.25
2015-09-15,23.280001,23.77,22.129999,22.540001,0,22.540001
2015-09-16,22.57,22.940001,21.09,21.35,0,21.35
2015-09-17,21.540001,23.33,17.870001,21.139999,0,21.139999
2015-09-18,23.07,23.99,20.98,22.280001,0,22.280001
2015-09-21,21.969999,22.48,20.049999,20.139999,0,20.139999
2015-09-22,22.969999,26.290001,22.25,22.440001,0,22.440001
2015-09-23,22.09,23.200001,21.139999,22.129999,0,22.129999
2015-09-24,23.530001,25.299999,21.809999,23.469999,0,23.469999
2015-09-25,21.120001,24.290001,20.809999,23.620001,0,23.620001
2015-09-28,25.02,28.33,24.940001,27.629999,0,27.629999
2015-09-29,26.57,28.200001,25.76,26.83,0,26.83
2015-09-30,24.639999,25.879999,23.25,24.5,0,24.5
2015-10-01,23.139999,25.23,22.549999,22.549999,0,22.549999
2015-10-02,23.99,24.469999,20.35,20.940001,0,20.940001
2015-10-05,20.309999,20.42,19.139999,19.540001,0,19.540001
2015-10-06,19.540001,20.32,18.82,19.4,0,19.4
2015-10-07,18.959999,19.73,18.33,18.4,0,18.4
2015-10-08,18.620001,19.02,16.34,17.42,0,17.42
2015-10-09,17.15,18.200001,16.889999,17.08,0,17.08
2015-10-12,17.68,17.809999,16.15,16.17,0,16.17
2015-10-13,17.08,17.700001,16.139999,17.67,0,17.67
2015-10-14,17.67,18.780001,17.299999,18.030001,0,18.030001
2015-10-15,17.620001,17.85,16.040001,16.049999,0,16.049999
2015-10-16,15.64,16.860001,15.05,15.05,0,15.05
2015-10-19,15.68,16.23,14.82,14.98,0,14.98
2015-10-20,15.17,16.34,14.72,15.75,0,15.75
2015-10-21,14.98,16.700001,14.41,16.700001,0,16.700001
2015-10-22,15.02,15.92,14.45,14.45,0,14.45
2015-10-23,13.46,15.12,13.24,14.46,0,14.46
2015-10-26,14.76,15.43,14.68,15.29,0,15.29
2015-10-27,15.75,15.99,14.78,15.43,0,15.43
2015-10-28,15.14,15.73,12.8,14.33,0,14.33
2015-10-29,14.8,15.46,14.33,14.61,0,14.61
2015-10-30,14.6,15.39,14,15.07,0,15.07
2015-11-02,15.41,15.51,13.67,14.15,0,14.15
2015-11-03,14.33,14.73,13.81,14.54,0,14.54
2015-11-04,14.04,15.88,13.96,15.51,0,15.51
2015-11-05,15.39,16.389999,15,15.05,0,15.05
2015-11-06,14.91,16,14.32,14.33,0,14.33
2015-11-09,15.34,17.09,15.14,16.52,0,16.52
2015-11-10,16.690001,16.959999,15.24,15.29,0,15.29
2015-11-11,15.07,16.15,15.02,16.059999,0,16.059999
2015-11-12,17.059999,18.5,16.65,18.370001,0,18.370001
2015-11-13,18.68,20.67,18.200001,20.08,0,20.08
2015-11-16,20.51,20.549999,17.25,18.16,0,18.16
2015-11-17,17.82,19.59,16.860001,18.84,0,18.84
2015-11-18,19.01,19.450001,16.799999,16.85,0,16.85
2015-11-19,16.25,18.26,16,16.99,0,16.99
2015-11-20,16.129999,16.379999,15.47,15.47,0,15.47
2015-11-23,16.15,16.74,15.38,15.62,0,15.62
2015-11-24,16.530001,17.209999,15.48,15.93,0,15.93
2015-11-25,15.55,15.89,15.05,15.19,0,15.19
2015-11-27,15.31,16.09,15.12,15.12,0,15.12
2015-11-30,15.55,16.57,15.52,16.129999,0,16.129999
2015-12-01,15.61,16.34,14.63,14.67,0,14.67
2015-12-02,15.04,16.49,14.71,15.91,0,15.91
2015-12-03,15.87,19.35,15.86,18.110001,0,18.110001
2015-12-04,17.43,17.65,14.69,14.81,0,14.81
2015-12-07,15.65,17.18,15.58,15.84,0,15.84
2015-12-08,17.690001,18.33,16.52,17.6,0,17.6
2015-12-09,18.049999,20.129999,15.72,19.610001,0,19.610001
2015-12-10,19.25,19.719999,18.129999,19.34,0,19.34
2015-12-11,21.360001,25.27,20.879999,24.389999,0,24.389999
2015-12-14,24.700001,26.809999,21.469999,22.73,0,22.73
2015-12-15,20.76,21.620001,20.02,20.950001,0,20.950001
2015-12-16,19.25,20.24,17.120001,17.860001,0,17.860001
2015-12-17,16.18,19.049999,16.129999,18.940001,0,18.940001
2015-12-18,19.34,23.299999,18.75,20.700001,0,20.700001
2015-12-21,19.639999,20.209999,18.700001,18.700001,0,18.700001
2015-12-22,17.610001,18.219999,16.6,16.6,0,16.6
2015-12-23,15.86,16.25,15.33,15.57,0,15.57
2015-12-24,15.44,15.88,14.45,15.74,0,15.74
2015-12-28,17.65,18.129999,16.879999,16.91,0,16.91
2015-12-29,15.91,16.48,15.63,16.08,0,16.08
2015-12-30,16.5,17.42,16.5,17.290001,0,17.290001
2015-12-31,17.969999,20.389999,17.51,18.209999,0,18.209999
2016-01-04,22.48,23.360001,20.67,20.700001,0,20.700001
2016-01-05,20.75,21.059999,19.25,19.34,0,19.34
2016-01-06,21.67,21.860001,19.799999,20.59,0,20.59
2016-01-07,23.219999,25.860001,22.4,24.99,0,24.99
2016-01-08,22.959999,27.08,22.48,27.01,0,27.01
2016-01-11,25.58,27.389999,23.83,24.299999,0,24.299999
2016-01-12,22.969999,23.93,21.91,22.469999,0,22.469999
2016-01-13,21.719999,26.110001,21.440001,25.219999,0,25.219999
2016-01-14,24.75,26.280001,23.07,23.950001,0,23.950001
2016-01-15,28.959999,30.950001,26.67,27.02,0,27.02
2016-01-19,25.4,27.59,25.209999,26.049999,0,26.049999
2016-01-20,27.780001,32.09,26.59,27.59,0,27.59
2016-01-21,27.790001,28.43,25.01,26.690001,0,26.690001
2016-01-22,24.209999,24.549999,22.219999,22.34,0,22.34
2016-01-25,23.299999,24.309999,22.379999,24.15,0,24.15
2016-01-26,23.75,24.02,22.33,22.5,0,22.5
2016-01-27,22.879999,27.219999,20.42,23.110001,0,23.110001
2016-01-28,22.15,23.809999,21.9,22.42,0,22.42
2016-01-29,21.59,21.74,19.5,20.200001,0,20.200001
2016-02-01,21.32,23.66,19.610001,19.98,0,19.98
2016-02-02,21.34,22.42,21.059999,21.98,0,21.98
2016-02-03,21.49,27.700001,21.42,21.65,0,21.65
2016-02-04,22.290001,23.139999,21.24,21.84,0,21.84
2016-02-05,22.09,24.110001,21.91,23.379999,0,23.379999
2016-02-08,25.889999,27.719999,25.559999,26,0,26
2016-02-09,28.299999,28.309999,25.99,26.540001,0,26.540001
2016-02-10,25.75,26.6,24.469999,26.290001,0,26.290001
2016-02-11,29.01,30.9,26.67,28.139999,0,28.139999
2016-02-12,27.16,27.57,24.92,25.4,0,25.4
2016-02-16,24.959999,25.52,23.32,24.110001,0,24.110001
2016-02-17,23.4,24.16,21.83,22.309999,0,22.309999
2016-02-18,22.16,22.530001,21.290001,21.639999,0,21.639999
2016-02-19,22.389999,23.440001,20.52,20.530001,0,20.530001
2016-02-22,20.139999,20.35,19.02,19.379999,0,19.379999
2016-02-23,19.75,21.16,19.540001,20.98,0,20.98
2016-02-24,22.280001,22.870001,20.26,20.719999,0,20.719999
2016-02-25,20.540001,21.26,19.1,19.110001,0,19.110001
2016-02-26,18.889999,20.129999,18.459999,19.809999,0,19.809999
2016-02-29,20.49,20.809999,18.379999,20.549999,0,20.549999
2016-03-01,19.84,20.17,17.66,17.700001,0,17.700001
2016-03-02,17.98,18.41,16.780001,17.09,0,17.09
2016-03-03,17.25,17.559999,16.32,16.700001,0,16.700001
2016-03-04,16.48,17.35,16.049999,16.860001,0,16.860001
2016-03-07,17.98,18.040001,16.870001,17.35,0,17.35
2016-03-08,18.379999,18.889999,17.82,18.67,0,18.67
2016-03-09,18.559999,19.110001,18.309999,18.34,0,18.34
2016-03-10,18.17,19.59,17.059999,18.049999,0,18.049999
2016-03-11,17.09,17.27,16.280001,16.5,0,16.5
2016-03-14,17.01,17.67,16.690001,16.92,0,16.92
2016-03-15,17.6,17.85,16.84,16.84,0,16.84
2016-03-16,15.96,16.33,14.89,14.99,0,14.99
2016-03-17,15.34,15.38,13.82,14.44,0,14.44
2016-03-18,14.05,14.36,13.75,14.02,0,14.02
2016-03-21,14.57,14.73,13.79,13.79,0,13.79
2016-03-22,14.57,14.76,13.75,14.17,0,14.17
2016-03-23,14.57,15.03,14.33,14.94,0,14.94
2016-03-24,16.299999,16.440001,14.71,14.74,0,14.74
2016-03-28,15.65,16.040001,14.89,15.24,0,15.24
2016-03-29,15.74,15.89,13.79,13.82,0,13.82
2016-03-30,13.69,13.89,13.06,13.56,0,13.56
2016-03-31,13.73,14.28,13.49,13.95,0,13.95
2016-04-01,15.23,15.28,13,13.1,0,13.1
2016-04-04,13.88,14.24,13.66,14.12,0,14.12
2016-04-05,15.39,15.72,14.93,15.42,0,15.42
2016-04-06,15.61,15.98,14,14.09,0,14.09
2016-04-07,15.14,16.77,14.68,16.16,0,16.16
2016-04-08,15.34,15.93,14.84,15.36,0,15.36
2016-04-11,15.34,16.26,14.83,16.26,0,16.26
2016-04-12,15.98,16.57,14.84,14.85,0,14.85
2016-04-13,14.49,14.53,13.6,13.84,0,13.84
2016-04-14,13.9,14.12,13.38,13.72,0,13.72
2016-04-15,13.77,14.19,13.58,13.62,0,13.62
2016-04-18,14.87,14.94,13.23,13.35,0,13.35
2016-04-19,13.18,13.88,12.98,13.24,0,13.24
2016-04-20,13.39,13.5,12.5,13.28,0,13.28
2016-04-21,13.2,14.14,13.16,13.95,0,13.95
2016-04-22,13.7,14.19,13.15,13.22,0,13.22
2016-04-25,14.07,14.76,13.86,14.08,0,14.08
2016-04-26,14.01,14.43,13.66,13.96,0,13.96
2016-04-27,14.15,14.95,13.5,13.77,0,13.77
2016-04-28,14.53,15.61,13.3,15.22,0,15.22
2016-04-29,15.21,17.09,14.91,15.7,0,15.7
2016-05-02,16.33,16.5,14.48,14.68,0,14.68
2016-05-03,14.92,16.42,14.91,15.6,0,15.6
2016-05-04,15.47,16.85,15.39,16.049999,0,16.049999
2016-05-05,15.54,16.450001,15.22,15.91,0,15.91
2016-05-06,16.200001,16.58,14.71,14.72,0,14.72
2016-05-09,15.2,15.39,14.17,14.57,0,14.57
2016-05-10,13.98,14.35,13.55,13.63,0,13.63
2016-05-11,13.92,14.69,13.29,14.69,0,14.69
2016-05-12,14.55,15.42,13.95,14.41,0,14.41
2016-05-13,15.15,15.47,13.97,15.04,0,15.04
2016-05-16,15.72,15.98,14.28,14.68,0,14.68
2016-05-17,14.57,16.120001,14.48,15.57,0,15.57
2016-05-18,15.72,16.469999,14.86,15.95,0,15.95
2016-05-19,16.370001,17.65,16.280001,16.33,0,16.33
2016-05-20,16.129999,16.299999,15.11,15.2,0,15.2
2016-05-23,16.33,16.469999,15.4,15.82,0,15.82
2016-05-24,16.030001,16.059999,14.36,14.42,0,14.42
2016-05-25,14.19,14.33,13.64,13.9,0,13.9
2016-05-26,13.8,14.11,13.43,13.43,0,13.43
2016-05-27,13.49,13.76,13.04,13.12,0,13.12
2016-05-31,13.94,15,13.45,14.19,0,14.19
2016-06-01,14.45,15.25,14.18,14.2,0,14.2
2016-06-02,14.42,14.92,13.62,13.63,0,13.63
2016-06-03,13.78,14.66,12.9,13.47,0,13.47
2016-06-06,13.84,14.27,13.42,13.65,0,13.65
2016-06-07,12.77,14.05,12.72,14.05,0,14.05
2016-06-08,13.84,14.27,13.7,14.08,0,14.08
2016-06-09,14.01,14.85,13.99,14.64,0,14.64
2016-06-10,14.89,17.33,14.85,17.030001,0,17.030001
2016-06-13,18.24,21.01,17.889999,20.969999,0,20.969999
2016-06-14,21.280001,22.16,20.27,20.5,0,20.5
2016-06-15,20.25,20.450001,18.629999,20.139999,0,20.139999
2016-06-16,20.799999,22.889999,19.24,19.370001,0,19.370001
2016-06-17,19.42,20.030001,18.709999,19.41,0,19.41
2016-06-20,17.42,18.549999,16.59,18.370001,0,18.370001
2016-06-21,17.67,18.959999,16.91,18.48,0,18.48
2016-06-22,18.26,21.219999,17.83,21.17,0,21.17
2016-06-23,19.540001,19.790001,17.25,17.25,0,17.25
2016-06-24,26.059999,26.24,19.48,25.76,0,25.76
2016-06-27,24.379999,26.719999,22.93,23.85,0,23.85
2016-06-28,21.76,22.07,18.75,18.75,0,18.75
2016-06-29,18.120001,18.27,16.48,16.639999,0,16.639999
2016-06-30,16.91,16.99,15.29,15.63,0,15.63
2016-07-01,15.59,15.86,14.61,14.77,0,14.77
2016-07-05,16.049999,16.620001,15.49,15.58,0,15.58
2016-07-06,15.87,17.040001,14.96,14.96,0,14.96
2016-07-07,14.8,15.98,14.33,14.76,0,14.76
2016-07-08,14.64,14.75,13.19,13.2,0,13.2
2016-07-11,13.25,13.67,13,13.54,0,13.54
2016-07-12,12.93,13.93,12.75,13.55,0,13.55
2016-07-13,13.32,13.79,12.92,13.04,0,13.04
2016-07-14,12.5,13.37,12.14,12.82,0,12.82
2016-07-15,13.12,13.22,12.27,12.67,0,12.67
2016-07-18,12.75,13.12,12.33,12.44,0,12.44
2016-07-19,12.53,12.83,11.94,11.97,0,11.97
2016-07-20,11.94,11.97,11.4,11.77,0,11.77
2016-07-21,11.8,13.06,11.69,12.74,0,12.74
2016-07-22,12.8,12.88,11.97,12.02,0,12.02
2016-07-25,12.64,13.72,12.39,12.87,0,12.87
2016-07-26,12.88,13.5,12.8,13.05,0,13.05
2016-07-27,12.61,13.74,12.5,12.83,0,12.83
2016-07-28,12.51,13.52,12.36,12.72,0,12.72
2016-07-29,12.85,12.9,11.77,11.87,0,11.87
2016-08-01,11.89,12.98,11.86,12.44,0,12.44
2016-08-02,12.39,14.24,12.35,13.37,0,13.37
2016-08-03,13.53,13.91,12.73,12.86,0,12.86
2016-08-04,12.73,12.98,11.79,12.42,0,12.42
2016-08-05,12.08,12.26,11.18,11.39,0,11.39
2016-08-08,11.66,11.78,11.41,11.5,0,11.5
2016-08-09,11.4,11.92,11.02,11.66,0,11.66
2016-08-10,11.55,12.5,11.37,12.05,0,12.05
2016-08-11,11.93,12.11,11.38,11.68,0,11.68
2016-08-12,11.61,12,11.28,11.55,0,11.55
2016-08-15,11.81,12.17,11.58,11.81,0,11.81
2016-08-16,12.04,12.78,11.87,12.64,0,12.64
2016-08-17,12.57,13.71,12.14,12.19,0,12.19
2016-08-18,12.2,12.53,11.42,11.43,0,11.43
2016-08-19,11.67,12.28,11.33,11.34,0,11.34
2016-08-22,12.53,13.02,11.94,12.27,0,12.27
2016-08-23,12.15,12.44,11.72,12.38,0,12.38
2016-08-24,12.7,14.01,12.3,13.45,0,13.45
2016-08-25,13.62,14.09,13.29,13.63,0,13.63
2016-08-26,13.54,14.93,12.13,13.65,0,13.65
2016-08-29,14.09,14.43,12.9,12.94,0,12.94
2016-08-30,12.94,13.6,12.7,13.12,0,13.12
2016-08-31,13.14,14.34,12.97,13.42,0,13.42
2016-09-01,13.07,14.61,12.99,13.48,0,13.48
2016-09-02,13.47,13.9,11.9,11.98,0,11.98
2016-09-06,12.42,12.93,11.85,12.02,0,12.02
2016-09-07,11.89,12.45,11.77,11.94,0,11.94
2016-09-08,11.74,12.6,11.65,12.51,0,12.51
2016-09-09,12.52,17.540001,12.52,17.5,0,17.5
2016-09-12,20.129999,20.51,14.76,15.16,0,15.16
2016-09-13,15.98,18.969999,15.83,17.85,0,17.85
2016-09-14,17.629999,18.139999,16.34,18.139999,0,18.139999
2016-09-15,17.969999,18.07,15.74,16.299999,0,16.299999
2016-09-16,16.41,17.1,15.28,15.37,0,15.37
2016-09-19,15.14,15.96,14.6,15.53,0,15.53
2016-09-20,14.98,16.09,14.69,15.92,0,15.92
2016-09-21,15.07,15.65,12.98,13.3,0,13.3
2016-09-22,13.39,13.39,11.76,12.02,0,12.02
2016-09-23,12,12.58,11.93,12.29,0,12.29
2016-09-26,13.26,14.63,13.26,14.5,0,14.5
2016-09-27,13.36,14.76,12.97,13.1,0,13.1
2016-09-28,12.9,13.57,12.24,12.39,0,12.39
2016-09-29,12.53,15.69,12.14,14.02,0,14.02
2016-09-30,14.91,15.2,12.53,13.29,0,13.29
2016-10-03,13.75,14.42,13.42,13.57,0,13.57
2016-10-04,13.4,14.57,12.92,13.63,0,13.63
2016-10-05,13.56,13.68,12.7,12.99,0,12.99
2016-10-06,13.11,13.84,12.8,12.84,0,12.84
2016-10-07,13.52,14.15,12.21,13.48,0,13.48
2016-10-10,14.19,14.36,13.29,13.38,0,13.38
2016-10-11,13.71,16.469999,13.69,15.36,0,15.36
2016-10-12,15.53,16.34,15.26,15.91,0,15.91
2016-10-13,16.879999,17.950001,16.139999,16.690001,0,16.690001
2016-10-14,16.49,16.5,15.25,16.120001,0,16.120001
2016-10-17,17.01,17.110001,16.129999,16.209999,0,16.209999
2016-10-18,15.82,15.85,15.03,15.28,0,15.28
2016-10-19,15.45,15.68,13.87,14.41,0,14.41
2016-10-20,14.43,14.72,13.74,13.75,0,13.75
2016-10-21,14.04,14.53,13.27,13.34,0,13.34
2016-10-24,13.19,13.26,12.83,13.02,0,13.02
2016-10-25,12.91,13.86,12.73,13.46,0,13.46
2016-10-26,13.66,14.8,13.66,14.24,0,14.24
2016-10-27,14.37,15.43,13.6,15.36,0,15.36
2016-10-28,15.67,17.35,14.65,16.190001,0,16.190001
2016-10-31,16.309999,17.629999,16.25,17.059999,0,17.059999
2016-11-01,16.540001,20.43,16.51,18.559999,0,18.559999
2016-11-02,19.09,19.82,18.559999,19.32,0,19.32
2016-11-03,19.85,22.57,18.84,22.08,0,22.08
2016-11-04,21.860001,23.01,19.200001,22.51,0,22.51
2016-11-07,19.780001,19.860001,18.389999,18.709999,0,18.709999
2016-11-08,18.92,19.91,17.700001,18.74,0,18.74
2016-11-09,20.700001,21.48,14.33,14.38,0,14.38
2016-11-10,14.01,16.299999,13.26,14.74,0,14.74
2016-11-11,14.83,16,14.15,14.17,0,14.17
2016-11-14,14.69,15.56,14.39,14.48,0,14.48
2016-11-15,14.16,14.65,13.3,13.37,0,13.37
2016-11-16,13.51,14.49,13.51,13.72,0,13.72
2016-11-17,13.37,13.55,12.97,13.35,0,13.35
2016-11-18,13.56,13.74,12.85,12.85,0,12.85
2016-11-21,13.27,13.44,12.16,12.42,0,12.42
2016-11-22,12.26,12.83,12.2,12.41,0,12.41
2016-11-23,12.34,13.01,12.19,12.43,0,12.43
2016-11-25,12.52,12.74,12.31,12.34,0,12.34
2016-11-28,13.4,13.5,12.74,13.15,0,13.15
2016-11-29,13.07,13.55,12.62,12.9,0,12.9
2016-11-30,12.6,13.42,12.23,13.33,0,13.33
2016-12-01,13.4,14.72,13.05,14.07,0,14.07
2016-12-02,14.16,14.48,12.39,14.12,0,14.12
2016-12-05,13.75,13.77,12.14,12.14,0,12.14
2016-12-06,12.19,12.3,11.54,11.79,0,11.79
2016-12-07,11.59,12.24,11.33,12.22,0,12.22
2016-12-08,12.1,13.4,11.3,12.64,0,12.64
2016-12-09,12.59,12.72,11.67,11.75,0,11.75
2016-12-12,12.23,12.78,12.07,12.64,0,12.64
2016-12-13,12.46,13.42,12.34,12.72,0,12.72
2016-12-14,12.88,13.39,12.48,13.19,0,13.19
2016-12-15,13.07,13.24,12.46,12.79,0,12.79
2016-12-16,12.88,12.95,12.15,12.2,0,12.2
2016-12-19,12.5,12.52,11.67,11.71,0,11.71
2016-12-20,11.65,11.75,11.38,11.45,0,11.45
2016-12-21,11.44,11.49,10.93,11.27,0,11.27
2016-12-22,11.32,11.67,11.14,11.43,0,11.43
2016-12-23,11.38,11.81,11.35,11.44,0,11.44
2016-12-27,12.26,12.33,11.84,11.99,0,11.99
2016-12-28,11.89,13.04,11.85,12.95,0,12.95
2016-12-29,13.15,13.71,12.95,13.37,0,13.37
2016-12-30,13.2,14.68,13.05,14.04,0,14.04
2017-01-03,14.07,14.07,12.85,12.85,0,12.85
2017-01-04,12.78,12.8,11.63,11.85,0,11.85
2017-01-05,11.96,12.09,11.4,11.67,0,11.67
2017-01-06,11.7,11.74,10.98,11.32,0,11.32
2017-01-09,11.71,12.08,11.46,11.56,0,11.56
2017-01-10,11.59,11.79,11.31,11.49,0,11.49
2017-01-11,11.56,12.23,11.21,11.26,0,11.26
2017-01-12,11.48,12.6,11.32,11.54,0,11.54
2017-01-13,11.45,11.62,10.94,11.23,0,11.23
2017-01-17,12.2,12.75,11.79,11.87,0,11.87
2017-01-18,11.79,12.81,11.69,12.48,0,12.48
2017-01-19,12.58,13.28,12.17,12.78,0,12.78
2017-01-20,12.58,12.59,11.53,11.54,0,11.54
2017-01-23,12.3,12.62,11.59,11.77,0,11.77
2017-01-24,11.82,11.89,11.04,11.07,0,11.07
2017-01-25,10.79,11.05,10.51,10.81,0,10.81
2017-01-26,10.61,11.01,10.6,10.63,0,10.63
2017-01-27,10.57,10.82,10.3,10.58,0,10.58
2017-01-30,11.1,12.9,11.1,11.88,0,11.88
2017-01-31,12.29,12.99,11.79,11.99,0,11.99
2017-02-01,11.79,12.05,9.97,11.81,0,11.81
2017-02-02,12.37,12.47,11.62,11.93,0,11.93
2017-02-03,11.84,11.84,10.72,10.97,0,10.97
2017-02-06,11.37,11.84,11.09,11.37,0,11.37
2017-02-07,11.39,11.67,11.06,11.29,0,11.29
2017-02-08,11.19,11.82,11.15,11.45,0,11.45
2017-02-09,11.44,11.53,10.74,10.88,0,10.88
2017-02-10,10.85,10.95,10.55,10.85,0,10.85
2017-02-13,11.36,11.4,11.07,11.07,0,11.07
2017-02-14,11.17,11.34,10.73,10.74,0,10.74
2017-02-15,10.84,12.01,10.8,11.97,0,11.97
2017-02-16,12.02,12.86,11.69,11.76,0,11.76
2017-02-17,11.84,12.26,11.37,11.49,0,11.49
2017-02-21,12.05,12.09,11.5,11.57,0,11.57
2017-02-22,11.48,12.07,11.44,11.74,0,11.74
2017-02-23,11.66,12.46,11.54,11.71,0,11.71
2017-02-24,11.81,12.59,11.34,11.47,0,11.47
2017-02-27,11.78,12.14,11.53,12.09,0,12.09
2017-02-28,12.19,12.96,12.13,12.92,0,12.92
2017-03-01,12.31,12.58,11.78,12.54,0,12.54
2017-03-02,12.43,12.71,11.32,11.81,0,11.81
2017-03-03,11.96,11.97,10.94,10.96,0,10.96
2017-03-06,11.59,11.72,11.06,11.24,0,11.24
2017-03-07,11.27,11.58,11.04,11.45,0,11.45
2017-03-08,11.49,11.86,11.09,11.86,0,11.86
2017-03-09,11.75,12.43,11.62,12.3,0,12.3
2017-03-10,11.97,12.09,11.46,11.66,0,11.66
2017-03-13,12.16,12.23,11.29,11.35,0,11.35
2017-03-14,11.39,12.54,11.28,12.3,0,12.3
2017-03-15,12.12,12.25,10.6,11.63,0,11.63
2017-03-16,11.29,11.55,11.16,11.21,0,11.21
2017-03-17,11.38,11.38,10.78,11.28,0,11.28
2017-03-20,11.71,11.72,11.03,11.34,0,11.34
2017-03-21,11.15,12.85,10.92,12.47,0,12.47
2017-03-22,12.95,13.16,11.99,12.81,0,12.81
2017-03-23,12.65,13.17,12.18,13.12,0,13.12
2017-03-24,12.86,14.16,12.27,12.96,0,12.96
2017-03-27,14.78,15.11,12.48,12.5,0,12.5
2017-03-28,12.44,12.67,11.34,11.53,0,11.53
2017-03-29,11.54,11.7,11.03,11.42,0,11.42
2017-03-30,11.37,11.64,11.12,11.54,0,11.54
2017-03-31,11.61,12.54,11.5,12.37,0,12.37
2017-04-03,12.59,13.59,12.27,12.38,0,12.38
2017-04-04,12.71,13.07,11.7,11.79,0,11.79
2017-04-05,11.89,12.89,10.9,12.89,0,12.89
2017-04-06,13.11,13.22,11.7,12.39,0,12.39
2017-04-07,13.17,13.43,12.23,12.87,0,12.87
2017-04-10,13.24,14.11,12.94,14.05,0,14.05
2017-04-11,14.32,15.88,14.17,15.07,0,15.07
2017-04-12,15.16,16.16,14.84,15.77,0,15.77
2017-04-13,15.89,16.219999,14.97,15.96,0,15.96
2017-04-17,16.190001,16.280001,14.6,14.66,0,14.66
2017-04-18,14.5,15.5,14.29,14.42,0,14.42
2017-04-19,14,15.15,13.46,14.93,0,14.93
2017-04-20,14.59,14.81,13.83,14.15,0,14.15
2017-04-21,13.85,15.33,13.85,14.63,0,14.63
2017-04-24,11.56,12.01,10.82,10.84,0,10.84
2017-04-25,10.81,11.15,10.22,10.76,0,10.76
2017-04-26,10.61,10.89,10.39,10.85,0,10.85
2017-04-27,10.72,11.08,10.33,10.36,0,10.36
2017-04-28,10.39,11.16,10.29,10.82,0,10.82
2017-05-01,10.92,11.04,9.9,10.11,0,10.11
2017-05-02,10.15,10.59,10.04,10.59,0,10.59
2017-05-03,10.56,11.15,10.4,10.68,0,10.68
2017-05-04,10.71,11.24,10.27,10.46,0,10.46
2017-05-05,10.51,10.98,9.99,10.57,0,10.57
2017-05-08,10.53,10.55,9.67,9.77,0,9.77
2017-05-09,9.87,10.14,9.56,9.96,0,9.96
2017-05-10,9.75,10.24,9.62,10.21,0,10.21
2017-05-11,10.34,11.23,10.32,10.6,0,10.6
2017-05-12,10.72,10.87,10.28,10.4,0,10.4
2017-05-15,10.54,10.88,10.25,10.42,0,10.42
2017-05-16,10.46,10.67,10.18,10.65,0,10.65
2017-05-17,11.89,15.59,11.53,15.59,0,15.59
2017-05-18,14.06,16.299999,14.03,14.66,0,14.66
2017-05-19,14.23,14.23,11.72,12.04,0,12.04
2017-05-22,12.29,12.52,10.89,10.93,0,10.93
2017-05-23,11,11,10.56,10.72,0,10.72
2017-05-24,10.61,10.9,9.88,10.02,0,10.02
2017-05-25,9.82,10.29,9.72,9.99,0,9.99
2017-05-26,9.93,10.48,9.65,9.81,0,9.81
2017-05-30,10.61,10.84,10.14,10.38,0,10.38
2017-05-31,10.1,11.3,9.93,10.41,0,10.41
2017-06-01,10.42,10.54,9.69,9.89,0,9.89
2017-06-02,10.08,10.3,9.58,9.75,0,9.75
2017-06-05,10.08,10.28,9.6,10.07,0,10.07
2017-06-06,10.19,10.77,9.86,10.45,0,10.45
2017-06-07,10.48,10.93,10.12,10.39,0,10.39
2017-06-08,10.27,10.53,9.73,10.16,0,10.16
2017-06-09,9.93,12.11,9.37,10.7,0,10.7
2017-06-12,11.19,12.37,11.19,11.46,0,11.46
2017-06-13,11.12,11.14,10.26,10.42,0,10.42
2017-06-14,10.33,11.26,10.01,10.64,0,10.64
2017-06-15,11.06,12.01,10.74,10.9,0,10.9
2017-06-16,10.63,11.35,10.26,10.38,0,10.38
2017-06-19,10.57,10.6,10.01,10.37,0,10.37
2017-06-20,10.28,11.15,10.24,10.86,0,10.86
2017-06-21,11.03,11.4,10.4,10.75,0,10.75
2017-06-22,10.81,11.01,10.24,10.48,0,10.48
2017-06-23,10.25,10.69,9.85,10.02,0,10.02
2017-06-26,10.13,10.44,9.68,9.9,0,9.9
2017-06-27,10.04,11.31,9.8,11.06,0,11.06
2017-06-28,11.17,11.49,9.76,10.03,0,10.03
2017-06-29,9.79,15.16,9.73,11.44,0,11.44
2017-06-30,11.74,11.85,10.4,11.18,0,11.18
2017-07-03,11.07,11.45,10.28,11.22,0,11.22
2017-07-05,11.2,12.03,10.79,11.07,0,11.07
2017-07-06,11.2,13.05,11.18,12.54,0,12.54
2017-07-07,12.48,12.57,10.98,11.19,0,11.19
2017-07-10,11.26,11.73,10.61,11.11,0,11.11
2017-07-11,10.79,12.14,10.68,10.89,0,10.89
2017-07-12,10.85,10.85,10.08,10.3,0,10.3
2017-07-13,10.07,10.4,9.9,9.9,0,9.9
2017-07-14,10.09,10.14,9.5,9.51,0,9.51
2017-07-17,9.77,10.03,9.71,9.82,0,9.82
2017-07-18,9.86,10.35,9.66,9.89,0,9.89
2017-07-19,9.69,9.94,9.58,9.79,0,9.79
2017-07-20,9.66,10.28,9.5,9.58,0,9.58
2017-07-21,9.52,9.98,9.3,9.36,0,9.36
2017-07-24,9.94,9.97,9.26,9.43,0,9.43
2017-07-25,9.4,9.52,9.04,9.43,0,9.43
2017-07-26,9.25,9.66,8.84,9.6,0,9.6
2017-07-27,9.33,11.5,9.16,10.11,0,10.11
2017-07-28,10.62,11.3,10.26,10.29,0,10.29
2017-07-31,10.53,10.84,10.23,10.26,0,10.26
2017-08-01,10.19,10.56,9.95,10.09,0,10.09
2017-08-02,10.08,10.81,9.8,10.28,0,10.28
2017-08-03,10.47,10.6,9.9,10.44,0,10.44
2017-08-04,10.48,10.5,9.68,10.03,0,10.03
2017-08-07,10.19,10.32,9.76,9.93,0,9.93
2017-08-08,10.04,11.52,9.52,10.96,0,10.96
2017-08-09,11.49,12.63,11.11,11.11,0,11.11
2017-08-10,11.57,16.17,11.56,16.040001,0,16.040001
2017-08-11,16.17,17.280001,14.5,15.51,0,15.51
2017-08-14,14.05,14.05,12.06,12.33,0,12.33
2017-08-15,11.78,12.37,11.45,12.04,0,12.04
2017-08-16,11.59,12.54,11.25,11.74,0,11.74
2017-08-17,11.81,15.77,11.54,15.55,0,15.55
2017-08-18,15.38,16.040001,13.32,14.26,0,14.26
2017-08-21,14.59,14.74,13.07,13.19,0,13.19
2017-08-22,12.6,12.94,11.35,11.35,0,11.35
2017-08-23,11.51,12.59,11.39,12.25,0,12.25
2017-08-24,12.06,12.83,11.55,12.23,0,12.23
2017-08-25,12.2,12.45,11.1,11.28,0,11.28
2017-08-28,12.09,12.11,11.23,11.32,0,11.32
2017-08-29,13.33,14.34,11.48,11.7,0,11.7
2017-08-30,11.4,11.98,10.96,11.22,0,11.22
2017-08-31,11.07,11.22,10.34,10.59,0,10.59
2017-09-01,10.33,10.46,10.02,10.13,0,10.13
2017-09-05,11.75,14.06,11.41,12.23,0,12.23
2017-09-06,12.27,12.59,11.35,11.63,0,11.63
2017-09-07,11.93,12.07,11.32,11.55,0,11.55
2017-09-08,11.87,12.6,11.84,12.12,0,12.12
2017-09-11,11.38,11.39,10.51,10.73,0,10.73
2017-09-12,10.66,10.95,10.29,10.58,0,10.58
2017-09-13,10.72,10.86,10.33,10.5,0,10.5
2017-09-14,10.57,11.04,10.28,10.44,0,10.44
2017-09-15,10.51,10.74,10,10.17,0,10.17
2017-09-18,10.18,10.42,9.88,10.15,0,10.15
2017-09-19,10.16,10.3,9.85,10.18,0,10.18
2017-09-20,10.04,10.67,9.67,9.78,0,9.78
2017-09-21,9.74,10.21,9.54,9.67,0,9.67
2017-09-22,9.9,10.2,9.5,9.59,0,9.59
2017-09-25,10.08,11.21,9.79,10.21,0,10.21
2017-09-26,10.42,10.68,9.94,10.17,0,10.17
2017-09-27,9.9,10.42,9.63,9.87,0,9.87
2017-09-28,9.74,10.13,9.55,9.55,0,9.55
2017-09-29,9.59,9.83,9.36,9.51,0,9.51
2017-10-02,9.59,10.04,9.37,9.45,0,9.45
2017-10-03,9.3,9.75,9.3,9.51,0,9.51
2017-10-04,9.53,9.88,9.53,9.63,0,9.63
2017-10-05,9.48,9.62,9.13,9.19,0,9.19
2017-10-06,9.23,10.27,9.11,9.65,0,9.65
2017-10-09,9.92,10.53,9.88,10.33,0,10.33
2017-10-10,10.15,10.66,9.94,10.08,0,10.08
2017-10-11,9.95,10.38,9.72,9.85,0,9.85
2017-10-12,9.94,10.33,9.65,9.91,0,9.91
2017-10-13,9.95,9.98,9.44,9.61,0,9.61
2017-10-16,9.95,10.02,9.75,9.91,0,9.91
2017-10-17,9.85,10.46,9.78,10.31,0,10.31
2017-10-18,10.34,10.41,9.87,10.07,0,10.07
2017-10-19,10.22,11.77,9.99,10.05,0,10.05
2017-10-20,9.92,10.04,9.29,9.97,0,9.97
2017-10-23,10.25,11.08,9.94,11.07,0,11.07
2017-10-24,10.89,11.16,10.39,11.16,0,11.16
2017-10-25,11.34,13.2,10.99,11.23,0,11.23
2017-10-26,11.17,11.81,10.6,11.3,0,11.3
2017-10-27,11.12,11.12,9.74,9.8,0,9.8
2017-10-30,10.28,10.89,10.1,10.5,0,10.5
2017-10-31,10.34,10.37,9.9,10.18,0,10.18
2017-11-01,9.79,10.49,9.74,10.2,0,10.2
2017-11-02,10.44,10.89,9.67,9.93,0,9.93
2017-11-03,9.83,9.91,8.99,9.14,0,9.14
2017-11-06,9.63,9.74,9.38,9.4,0,9.4
2017-11-07,9.31,10.31,9.29,9.89,0,9.89
2017-11-08,9.79,10.27,9.5,9.78,0,9.78
2017-11-09,9.94,12.19,9.79,10.5,0,10.5
2017-11-10,10.78,11.58,10.5,11.29,0,11.29
2017-11-13,11.43,12.18,11,11.5,0,11.5
2017-11-14,11.53,12.61,11.45,11.59,0,11.59
2017-11-15,12.52,14.51,12.33,13.13,0,13.13
2017-11-16,12.47,12.52,11.38,11.76,0,11.76
2017-11-17,11.75,12.01,11.16,11.43,0,11.43
2017-11-20,11.96,12.08,10.44,10.65,0,10.65
2017-11-21,10.74,10.78,9.67,9.73,0,9.73
2017-11-22,9.6,9.88,9.32,9.88,0,9.88
2017-11-24,9.82,9.96,8.56,9.67,0,9.67
2017-11-27,10.07,10.26,9.79,9.87,0,9.87
2017-11-28,9.72,10.31,9.53,10.03,0,10.03
2017-11-29,9.91,10.93,9.81,10.7,0,10.7
2017-11-30,10.49,12.05,10.25,11.28,0,11.28
2017-12-01,11.19,14.58,10.54,11.43,0,11.43
2017-12-04,11.05,11.86,10.26,11.68,0,11.68
2017-12-05,11.38,11.67,10.65,11.33,0,11.33
2017-12-06,11.63,11.68,10.86,11.02,0,11.02
2017-12-07,10.9,11.32,10.12,10.16,0,10.16
2017-12-08,10,10.06,9.43,9.58,0,9.58
2017-12-11,9.74,10.08,9.28,9.34,0,9.34
2017-12-12,9.36,9.92,9.21,9.92,0,9.92
2017-12-13,9.78,10.21,9.65,10.18,0,10.18
2017-12-14,9.98,10.54,9.78,10.49,0,10.49
2017-12-15,10.12,10.2,9.22,9.42,0,9.42
2017-12-18,9.46,9.89,9.24,9.53,0,9.53
2017-12-19,9.4,10.15,9.18,10.03,0,10.03
2017-12-20,9.69,9.85,8.9,9.72,0,9.72
2017-12-21,9.59,9.86,9.2,9.62,0,9.62
2017-12-22,9.37,10.18,9.35,9.9,0,9.9
2017-12-26,10.19,10.46,10.13,10.25,0,10.25
2017-12-27,10.04,10.79,9.71,10.47,0,10.47
2017-12-28,10.29,10.44,10.07,10.18,0,10.18
2017-12-29,10.03,11.06,9.95,11.04,0,11.04
2018-01-02,10.95,11.07,9.52,9.77,0,9.77
2018-01-03,9.56,9.65,8.94,9.15,0,9.15
2018-01-04,9.01,9.31,8.92,9.22,0,9.22
2018-01-05,9.1,9.54,9,9.22,0,9.22
2018-01-08,9.61,9.89,9.32,9.52,0,9.52
2018-01-09,9.41,10.09,9.37,10.08,0,10.08
2018-01-10,10.11,10.85,9.82,9.82,0,9.82
2018-01-11,9.69,10.02,9.62,9.88,0,9.88
2018-01-12,9.74,10.31,9.54,10.16,0,10.16
2018-01-16,10.42,12.41,10.4,11.66,0,11.66
2018-01-17,11.35,12.81,11.18,11.91,0,11.91
2018-01-18,12.01,12.4,11.62,12.22,0,12.22
2018-01-19,12.3,12.33,11.18,11.27,0,11.27
2018-01-22,11.59,11.62,10.84,11.03,0,11.03
2018-01-23,10.77,11.57,10.76,11.1,0,11.1
2018-01-24,11,12.19,10.89,11.47,0,11.47
2018-01-25,11.27,12.01,11.2,11.58,0,11.58
2018-01-26,11.4,11.6,11.08,11.08,0,11.08
2018-01-29,11.71,13.84,11.68,13.84,0,13.84
2018-01-30,13.93,15.42,13.88,14.79,0,14.79
2018-01-31,14.23,14.44,13.41,13.54,0,13.54
2018-02-01,13.05,14.3,12.5,13.47,0,13.47
2018-02-02,13.64,17.860001,13.64,17.309999,0,17.309999
2018-02-05,18.440001,38.799999,16.799999,37.32,0,37.32
2018-02-06,37.32,50.299999,22.42,29.98,0,29.98
2018-02-07,31.379999,31.639999,21.17,27.73,0,27.73
2018-02-08,27.290001,36.169998,24.41,33.459999,0,33.459999
2018-02-09,32.18,41.060001,27.73,29.059999,0,29.059999
2018-02-12,27.25,29.700001,24.42,25.610001,0,25.610001
2018-02-13,26.940001,27.82,24.469999,24.969999,0,24.969999
2018-02-14,23.48,25.719999,18.99,19.26,0,19.26
2018-02-15,18.389999,20.66,17.6,19.129999,0,19.129999
2018-02-16,18.74,20.99,17.440001,19.459999,0,19.459999
2018-02-20,20.530001,21.610001,19.75,20.6,0,20.6
2018-02-21,20.76,21.040001,16.969999,20.02,0,20.02
2018-02-22,20.57,20.610001,18.07,18.719999,0,18.719999
2018-02-23,17.959999,18.799999,16.469999,16.49,0,16.49
2018-02-26,16.530001,16.940001,15.8,15.8,0,15.8
2018-02-27,15.83,18.98,15.29,18.59,0,18.59
2018-02-28,18.08,20.440001,15.65,19.85,0,19.85
2018-03-01,19.959999,25.299999,19.57,22.469999,0,22.469999
2018-03-02,22.469999,26.219999,19.360001,19.59,0,19.59
2018-03-05,21.549999,21.57,17.940001,18.73,0,18.73
2018-03-06,18.25,19.639999,17.68,18.360001,0,18.360001
2018-03-07,20.110001,20.49,17.52,17.76,0,17.76
2018-03-08,17.559999,17.68,14.91,16.540001,0,16.540001
2018-03-09,16.41,16.75,13.31,14.64,0,14.64
2018-03-12,15.28,16.35,15.18,15.78,0,15.78
2018-03-13,15.7,16.98,15.03,16.35,0,16.35
2018-03-14,16.59,17.59,14.94,17.23,0,17.23
2018-03-15,16.99,17.41,15.96,16.59,0,16.59
2018-03-16,16.6,16.719999,15.23,15.8,0,15.8
2018-03-19,16.629999,21.870001,16.559999,19.02,0,19.02
2018-03-20,18.379999,19.309999,18.09,18.200001,0,18.200001
2018-03-21,17.76,18.370001,16.26,17.860001,0,17.860001
2018-03-22,18.129999,23.809999,18.120001,23.34,0,23.34
2018-03-23,24.02,26.01,21.629999,24.870001,0,24.870001
2018-03-26,23.41,24.540001,20.709999,21.030001,0,21.030001
2018-03-27,20.33,24.059999,19.84,22.5,0,22.5
2018-03-28,22.52,24.940001,21.709999,22.870001,0,22.870001
2018-03-29,22.870001,23.049999,19.6,19.969999,0,19.969999
2018-04-02,21.07,25.719999,20.440001,23.620001,0,23.620001
2018-04-03,23.030001,23.379999,20.92,21.1,0,21.1
2018-04-04,21.68,24.51,19.860001,20.059999,0,20.059999
2018-04-05,19.76,20.209999,18.57,18.940001,0,18.940001
2018-04-06,20.33,23.120001,18.6,21.49,0,21.49
2018-04-09,21.27,22.02,20.34,21.77,0,21.77
2018-04-10,20.51,21.68,20.24,20.469999,0,20.469999
2018-04-11,20.950001,21.66,19.639999,20.24,0,20.24
2018-04-12,19.83,19.92,18.16,18.49,0,18.49
2018-04-13,18.27,18.450001,17.26,17.41,0,17.41
2018-04-16,17.59,17.66,16.379999,16.559999,0,16.559999
2018-04-17,16.16,16.27,14.57,15.25,0,15.25
2018-04-18,15.3,16.9,14.95,15.6,0,15.6
2018-04-19,15.55,16.92,15.16,15.96,0,15.96
2018-04-20,16.16,17.5,15.19,16.879999,0,16.879999
2018-04-23,17.290001,17.559999,15.79,16.34,0,16.34
2018-04-24,16.16,19.66,15.37,18.02,0,18.02
2018-04-25,18.139999,19.84,17.75,17.84,0,17.84
2018-04-26,18.07,18.120001,16.24,16.24,0,16.24
2018-04-27,16.219999,16.77,15.25,15.41,0,15.41
2018-04-30,15.31,16.35,15.13,15.93,0,15.93
2018-05-01,16,16.82,15.42,15.49,0,15.49
2018-05-02,15.48,15.97,14.75,15.97,0,15.97
2018-05-03,15.78,18.66,15.43,15.9,0,15.9
2018-05-04,15.94,16.92,10.91,14.77,0,14.77
2018-05-07,15.05,15.27,14.51,14.75,0,14.75
2018-05-08,14.53,15.56,14.52,14.71,0,14.71
2018-05-09,14.54,14.63,13.38,13.42,0,13.42
2018-05-10,13.36,13.63,12.92,13.23,0,13.23
2018-05-11,13.22,13.44,12.65,12.65,0,12.65
2018-05-14,13.09,13.28,12.81,12.93,0,12.93
2018-05-15,13.13,15.01,12.5,14.63,0,14.63
2018-05-16,14.38,14.91,13.21,13.42,0,13.42
2018-05-17,13.54,13.86,12.65,13.43,0,13.43
2018-05-18,13.18,13.87,13.06,13.42,0,13.42
2018-05-21,12.99,13.59,12.78,13.08,0,13.08
2018-05-22,13.03,13.42,12.77,13.22,0,13.22
2018-05-23,13.5,14.6,12.49,12.58,0,12.58
2018-05-24,12.73,14.24,12.53,12.53,0,12.53
2018-05-25,12.44,13.52,12.29,13.22,0,13.22
2018-05-29,14.39,18.780001,14.39,17.02,0,17.02
2018-05-30,16.6,16.639999,14.65,14.94,0,14.94
2018-05-31,14.93,16.290001,14.2,15.43,0,15.43
2018-06-01,14.92,14.93,13.37,13.46,0,13.46
2018-06-04,13.91,13.91,12.69,12.74,0,12.74
2018-06-05,12.91,13.34,12.3,12.4,0,12.4
2018-06-06,12.1,12.56,11.62,11.64,0,11.64
2018-06-07,11.66,13.28,11.22,12.13,0,12.13
2018-06-08,12.54,13.31,12.09,12.18,0,12.18
2018-06-11,12.52,12.69,12.14,12.35,0,12.35
2018-06-12,12.29,12.6,11.88,12.34,0,12.34
2018-06-13,12.13,12.95,11.98,12.94,0,12.94
2018-06-14,12.98,13.07,11.88,12.12,0,12.12
2018-06-15,12.19,13.16,11.93,11.98,0,11.98
2018-06-18,12.79,13.74,12.28,12.31,0,12.31
2018-06-19,14.61,14.68,13.21,13.35,0,13.35
2018-06-20,12.9,13.02,12.25,12.79,0,12.79
2018-06-21,12.54,15.18,12.18,14.64,0,14.64
2018-06-22,14.6,14.6,13.11,13.77,0,13.77
2018-06-25,15.07,19.610001,14.56,17.33,0,17.33
2018-06-26,16.709999,17.540001,15.1,15.92,0,15.92
2018-06-27,16.52,18.190001,14.76,17.91,0,17.91
2018-06-28,17.540001,18.99,16.4,16.85,0,16.85
2018-06-29,15.73,16.51,14.66,16.09,0,16.09
2018-07-02,17.700001,18.08,15.54,15.6,0,15.6
2018-07-03,15.37,16.450001,14.68,16.139999,0,16.139999
2018-07-05,15.62,16.219999,14.47,14.97,0,14.97
2018-07-06,14.99,15.45,13.34,13.37,0,13.37
2018-07-09,13.02,13.22,12.6,12.69,0,12.69
2018-07-10,12.52,13.21,11.93,12.64,0,12.64
2018-07-11,14.05,14.15,13.09,13.63,0,13.63
2018-07-12,13.07,13.33,12.42,12.58,0,12.58
2018-07-13,12.39,12.97,11.62,12.18,0,12.18
2018-07-16,12.77,12.97,12.46,12.83,0,12.83
2018-07-17,12.91,13.18,11.85,12.06,0,12.06
2018-07-18,11.87,12.47,11.44,12.1,0,12.1
2018-07-19,12.2,13.09,11.79,12.87,0,12.87
2018-07-20,13,13.58,12.49,12.86,0,12.86
2018-07-23,13.47,13.55,12.58,12.62,0,12.62
2018-07-24,12.61,13.21,11.66,12.41,0,12.41
2018-07-25,12.37,12.82,11.8,12.29,0,12.29
2018-07-26,12.45,12.53,11.78,12.14,0,12.14
2018-07-27,12.17,14.26,11.6,13.03,0,13.03
2018-07-30,13.63,14.46,12.98,14.26,0,14.26
2018-07-31,13.98,14.12,12.81,12.83,0,12.83
2018-08-01,13.09,13.63,12.45,13.15,0,13.15
2018-08-02,13.57,14.53,12.17,12.19,0,12.19
2018-08-03,12.43,12.46,11.07,11.64,0,11.64
2018-08-06,11.91,12.15,11.17,11.27,0,11.27
2018-08-07,11.12,11.24,10.52,10.93,0,10.93
2018-08-08,10.93,11.18,10.52,10.85,0,10.85
2018-08-09,10.94,11.31,10.17,11.27,0,11.27
2018-08-10,12.34,13.82,12.3,13.16,0,13.16
2018-08-13,14.5,15.02,12.95,14.78,0,14.78
2018-08-14,13.93,14.22,13.11,13.31,0,13.31
2018-08-15,13.52,16.860001,13.44,14.64,0,14.64
2018-08-16,14.18,14.36,12.82,13.45,0,13.45
2018-08-17,13.18,13.96,12.4,12.64,0,12.64
2018-08-20,12.57,12.79,12.26,12.49,0,12.49
2018-08-21,12.47,12.89,12.09,12.86,0,12.86
2018-08-22,13.09,13.29,11.97,12.25,0,12.25
2018-08-23,12.03,12.68,11.65,12.41,0,12.41
2018-08-24,12.13,12.17,11.83,11.99,0,11.99
2018-08-27,12.37,12.48,12.02,12.16,0,12.16
2018-08-28,12.01,12.5,11.87,12.5,0,12.5
2018-08-29,12.34,12.55,12.09,12.25,0,12.25
2018-08-30,12.25,13.95,12.24,13.53,0,13.53
2018-08-31,13.54,14.03,12.82,12.86,0,12.86
2018-09-04,13.13,14.35,13.12,13.16,0,13.16
2018-09-05,13.69,14.3,13.23,13.91,0,13.91
2018-09-06,14.21,15.41,13.72,14.65,0,14.65
2018-09-07,14.72,15.63,14.31,14.88,0,14.88
2018-09-10,15.09,15.2,13.93,14.16,0,14.16
2018-09-11,13.96,14.92,13.21,13.22,0,13.22
2018-09-12,13.07,13.86,12.91,13.14,0,13.14
2018-09-13,12.91,12.91,12.3,12.37,0,12.37
2018-09-14,12.13,13.15,11.93,12.07,0,12.07
2018-09-17,12.72,13.75,12.32,13.68,0,13.68
2018-09-18,13.48,13.48,12.56,12.79,0,12.79
2018-09-19,12.61,12.77,11.66,11.75,0,11.75
2018-09-20,11.82,11.96,11.31,11.8,0,11.8
2018-09-21,11.76,12.03,11.1,11.68,0,11.68
2018-09-24,12.46,12.92,12.18,12.2,0,12.2
2018-09-25,12.28,12.6,11.8,12.42,0,12.42
2018-09-26,12.21,13.13,11.55,12.89,0,12.89
2018-09-27,12.77,13,11.94,12.41,0,12.41
2018-09-28,12.59,13.22,12.09,12.12,0,12.12
2018-10-01,11.99,12.4,11.57,12,0,12
2018-10-02,12.47,12.69,11.61,12.05,0,12.05
2018-10-03,11.66,12.14,11.34,11.61,0,11.61
2018-10-04,12.84,15.84,12.42,14.22,0,14.22
2018-10-05,14.29,17.360001,11.72,14.82,0,14.82
2018-10-08,16.049999,18.379999,15.69,15.69,0,15.69
2018-10-09,16.120001,17.49,15.27,15.95,0,15.95
2018-10-10,16.030001,22.959999,15.83,22.959999,0,22.959999
2018-10-11,23.07,28.84,20.65,24.98,0,24.98
2018-10-12,21.629999,26.799999,20.879999,21.309999,0,21.309999
2018-10-15,21.969999,22.889999,19.469999,21.299999,0,21.299999
2018-10-16,20.280001,20.559999,17.549999,17.620001,0,17.620001
2018-10-17,17.059999,19.549999,17.059999,17.4,0,17.4
2018-10-18,18.02,21.57,17.51,20.059999,0,20.059999
2018-10-19,19.24,21.08,18.389999,19.889999,0,19.889999
2018-10-22,19.379999,20.889999,18.82,19.639999,0,19.639999
2018-10-23,22.18,24.66,20.18,20.709999,0,20.709999
2018-10-24,21.6,26.379999,20.4,25.23,0,25.23
2018-10-25,24.780001,24.780001,22.059999,24.219999,0,24.219999
2018-10-26,24.51,27.52,23.33,24.16,0,24.16
2018-10-29,24.48,27.860001,22.01,24.700001,0,24.700001
2018-10-30,23.940001,25.549999,23.110001,23.35,0,23.35
2018-10-31,22.719999,22.799999,20.389999,21.23,0,21.23
2018-11-01,20.959999,21.209999,19.030001,19.34,0,19.34
2018-11-02,18.52,21.610001,18.049999,19.51,0,19.51
2018-11-05,20.58,20.870001,19.639999,19.959999,0,19.959999
2018-11-06,19.84,20.6,19.690001,19.91,0,19.91
2018-11-07,18.030001,18.049999,16.33,16.360001,0,16.360001
2018-11-08,16.18,17.200001,16.09,16.719999,0,16.719999
2018-11-09,16.870001,18.41,16.84,17.360001,0,17.360001
2018-11-12,17.26,20.709999,17.25,20.450001,0,20.450001
2018-11-13,19.450001,21.25,19.110001,20.02,0,20.02
2018-11-14,20.52,22.360001,19.299999,21.25,0,21.25
2018-11-15,20.41,22.969999,19.940001,19.98,0,19.98
2018-11-16,20.040001,21.360001,18.1,18.139999,0,18.139999
2018-11-19,18.780001,20.99,18.52,20.1,0,20.1
2018-11-20,20.76,23.809999,20.370001,22.48,0,22.48
2018-11-21,21.66,22.309999,20.110001,20.799999,0,20.799999
2018-11-23,21.23,22.65,20.65,21.52,0,21.52
2018-11-26,20.780001,20.799999,18.67,18.9,0,18.9
2018-11-27,19.41,19.93,18.700001,19.02,0,19.02
2018-11-28,18.870001,19.379999,18.18,18.49,0,18.49
2018-11-29,18.65,20.48,18.59,18.790001,0,18.790001
2018-11-30,19.18,19.91,18.030001,18.07,0,18.07
2018-12-03,16.040001,17.280001,15.94,16.440001,0,16.440001
2018-12-04,16.84,21.940001,16.26,20.74,0,20.74
2018-12-06,23.530001,25.940001,20.940001,21.190001,0,21.190001
2018-12-07,22.42,24.709999,19.9,23.23,0,23.23
2018-12-10,23.950001,25.940001,22.5,22.639999,0,22.639999
2018-12-11,22.959999,23.6,21.389999,21.76,0,21.76
2018-12-12,21.91,21.91,20.5,21.459999,0,21.459999
2018-12-13,21,21.57,20.34,20.65,0,20.65
2018-12-14,21.57,22.469999,20.950001,21.629999,0,21.629999
2018-12-17,22.360001,25.879999,21.969999,24.52,0,24.52
2018-12-18,24.68,26.139999,23.639999,25.58,0,25.58
2018-12-19,25.15,26.639999,22.5,25.58,0,25.58
2018-12-20,26.09,30.299999,24.68,28.379999,0,28.379999
2018-12-21,28.24,31.35,25.709999,30.110001,0,30.110001
2018-12-24,29.290001,36.099998,29.16,36.07,0,36.07
2018-12-26,35.5,36.200001,29.59,30.41,0,30.41
2018-12-27,31.200001,33.799999,29.66,29.959999,0,29.959999
2018-12-28,29.969999,31.049999,27.43,28.34,0,28.34
